CustomerID,Recency,Frequency,Monetary,cluster
000nan,1,1373,1716830.53,1
012346,326,1,77183.6,0
012747,2,11,4196.01,0
012748,1,209,33719.73,1
012749,4,5,4090.88,0
012820,3,4,942.34,0
012821,214,1,92.72,0
012822,71,2,948.88,0
012823,75,5,1759.5,0
012824,60,1,397.12,0
012826,3,7,1474.72,1
012827,6,3,430.15,0
012828,3,6,1018.71,0
012829,337,2,293.0,0
012830,38,6,6814.64,0
012831,262,1,215.05,0
012832,32,2,383.03000000000003,0
012833,145,1,417.38,0
012834,283,1,312.38,0
012836,59,4,2612.86,0
012837,173,1,134.1,0
012838,34,2,683.13,0
012839,3,14,5591.42,1
012840,144,4,2726.77,1
012841,5,25,4022.35,0
012842,70,2,1118.99,0
012843,66,8,1702.26,0
012844,29,2,325.96000000000004,0
012845,267,4,354.09000000000003,0
012847,22,1,871.54,0
012849,31,2,1050.89,0
012851,97,1,135.18,0
012852,295,1,311.55,0
012853,135,6,1957.1000000000001,0
012854,79,3,1324.5,0
012855,373,1,38.1,0
012856,8,6,2179.93,1
012857,211,2,1106.4,0
012863,52,1,521.2,0
012864,138,1,147.12,0
012867,26,7,4036.82,1
012868,186,6,1607.0600000000002,0
012871,84,2,380.64,0
012872,327,2,599.97,0
012873,282,1,374.0,0
012875,143,2,343.2300000000001,0
012877,4,12,1535.77,1
012878,236,2,854.99,0
012879,45,3,573.22,0
012881,276,1,298.0,0
012882,9,2,1463.04,0
012883,25,4,703.47,0
012884,88,1,309.05,0
012885,63,3,1175.22,0
012886,68,2,1378.4,0
012888,214,2,354.12,0
012890,24,1,380.46999999999997,0
012891,186,3,331.0,0
012893,31,1,188.14,0
012895,42,2,372.8,0
012897,205,2,216.5,0
012901,9,28,17654.54,0
012902,265,1,138.68,0
012904,18,2,509.58,0
012906,12,5,2919.81,0
012908,176,2,750.0,0
012909,40,5,2178.67,0
012910,23,8,3075.04,0
012912,3,5,1662.3,0
012913,5,5,2483.63,0
012915,149,2,363.65,0
012916,139,4,3006.15,0
012917,128,1,594.0,0
012919,8,6,1335.19,0
012920,17,1,164.23,0
012921,9,37,16587.09,1
012922,161,1,405.38,0
012923,64,1,176.97,0
012924,88,4,933.7,0
012925,5,2,694.05,0
012928,35,5,2062.7,1
012929,312,1,117.85,0
012930,78,2,415.8,0
012931,22,15,42055.96,0
012933,24,3,607.53,0
012935,2,7,2160.7,0
012936,17,4,1063.9,0
012937,15,4,1504.27,0
012938,26,1,114.14,0
012939,64,8,11581.8,0
012940,55,2,913.54,0
012942,131,3,683.9,0
012944,36,2,604.51,0
012945,288,1,462.95,0
012947,144,6,1603.99,0
012948,16,7,2064.95,0
012949,31,8,4167.22,0
012950,2,3,1843.0,1
012951,9,6,1064.07,0
012952,6,4,1387.79,0
012953,10,1,329.85,0
012955,1,11,4757.16,0
012956,306,1,108.07,0
012957,10,8,4017.54,0
012962,7,2,266.39,0
012963,8,8,1856.63,0
012965,89,1,771.91,0
012966,10,1,160.18,0
012967,358,2,1660.9,0
012968,112,1,135.95,0
012970,7,4,452.24,0
012971,4,86,11189.91,0
012974,198,1,144.8,0
012976,212,1,738.6,0
012977,156,1,39.239999999999995,0
012980,158,9,7374.900000000001,0
012981,30,2,372.21999999999997,0
012982,243,1,390.54,0
012984,19,1,97.5,0
012985,1,2,1239.38,0
012987,74,2,558.7,0
012988,292,1,535.32,0
012989,3,15,6924.11,0
012990,31,3,409.5,0
012991,23,2,503.76,0
012993,23,4,414.76,0
012994,4,3,974.42,0
012995,85,1,211.32,0
012997,22,4,1226.89,0
012999,196,3,455.88,0
013000,107,3,534.85,0
013001,4,13,9818.82,1
013002,318,1,120.95,0
013003,106,3,149.05,0
013004,12,18,5655.91,1
013005,174,2,513.7,0
013006,56,1,81.57,0
013008,323,1,229.47,0
013011,372,1,50.550000000000004,0
013012,9,8,1661.8400000000001,0
013013,1,13,4810.9400000000005,0
013014,11,10,3466.28,0
013015,53,5,3346.28,0
013016,73,3,789.89,0
013017,7,1,204.0,0
013018,16,28,7277.7,0
013021,4,9,2616.38,0
013023,64,2,689.9,0
013026,1,5,975.36,0
013027,114,6,6912.0,0
013028,23,2,661.3199999999999,1
013029,31,3,1247.5,0
013030,11,2,799.48,0
013032,52,2,1010.1800000000001,0
013033,357,1,190.55,0
013034,55,2,642.77,0
013035,74,2,921.88,0
013037,138,3,881.07,0
013038,80,3,908.46,0
013040,9,2,676.99,0
013043,273,1,516.42,0
013044,291,1,560.47,0
013045,99,1,305.28000000000003,0
013046,31,2,629.31,0
013047,32,10,3237.54,0
013048,14,4,1835.91,1
013049,64,2,656.6800000000001,0
013050,15,17,5836.86,0
013052,212,1,348.15000000000003,0
013055,78,3,1214.41,0
013058,25,3,271.40000000000003,0
013059,250,1,183.4,0
013060,254,1,307.53000000000003,0
013061,72,1,248.61,0
013062,191,1,346.98,0
013064,13,4,1119.49,0
013065,373,1,205.86,0
013066,24,2,470.8,0
013067,82,1,115.46000000000001,0
013068,10,2,344.0,0
013069,1,24,4436.12,1
013070,192,1,228.8,1
013072,267,1,177.15,0
013075,130,1,919.61,0
013077,1,4,729.27,0
013078,3,26,12627.94,0
013079,4,5,220.10000000000002,0
013080,179,1,58.08,0
013081,12,11,28337.38,1
013082,126,9,3613.63,0
013083,4,2,303.75,0
013085,158,2,416.08,0
013089,3,97,58825.83,1
013090,9,14,8910.82,0
013091,28,1,345.82,0
013092,71,5,477.83,0
013093,276,8,7832.47,0
013094,21,12,1927.3200000000002,0
013095,71,1,74.39999999999999,0
013097,33,10,6010.42,0
013098,1,28,28882.44,1
013099,99,1,207.36,0
013101,234,1,101.19,0
013102,1,24,6424.09,0
013103,40,1,243.94,0
013104,3,6,1098.48,0
013106,133,1,76.5,0
013107,44,4,1531.6200000000001,0
013108,373,1,350.06,0
013109,60,2,786.54,0
013110,31,7,1488.67,0
013113,1,24,12245.960000000001,1
013115,12,4,2294.78,0
013116,138,1,501.14,0
013117,22,8,984.91,0
013118,20,5,1197.81,0
013120,239,1,30.6,0
013121,269,1,283.73,0
013122,94,2,922.39,0
013124,90,3,3866.33,0
013126,5,8,2099.64,0
013127,78,1,259.17,0
013130,94,1,64.0,0
013131,23,3,1073.3,0
013132,262,1,77.3,0
013133,274,2,109.8,0
013134,86,4,1793.58,0
013135,197,1,3096.0,0
013136,56,5,2607.61,1
013137,11,8,3650.41,1
013138,22,6,962.39,0
013139,16,7,5064.9400000000005,1
013140,108,3,423.72,0
013141,85,5,2388.75,1
013142,19,1,307.09000000000003,0
013144,333,1,110.95,0
013145,40,4,618.52,0
013146,26,1,228.91,0
013147,10,4,712.8,0
013148,29,12,3707.12,0
013149,14,4,1676.06,0
013151,296,1,1257.8700000000001,0
013153,6,1,486.22,0
013155,33,4,971.76,0
013157,49,4,1741.22,0
013158,95,4,1201.06,0
013159,9,4,1437.85,0
013160,22,1,91.8,0
013161,313,1,112.75,0
013162,122,4,1688.29,1
013165,46,2,1021.48,0
013166,283,1,417.2,0
013167,19,4,791.33,0
013168,36,4,1319.19,0
013169,64,2,712.88,0
013170,27,1,116.00999999999999,0
013171,22,3,468.41,0
013173,4,2,353.65000000000003,0
013174,16,3,2817.03,0
013176,46,1,492.84,0
013177,65,1,282.45,0
013178,26,11,5725.47,1
013182,45,1,121.18,0
013183,8,9,3957.78,0
013184,15,10,1701.29,0
013185,268,1,71.4,0
013186,40,3,1575.89,0
013187,337,1,236.02,0
013188,11,1,114.6,0
013189,19,2,260.68,0
013192,95,2,911.94,0
013193,61,1,117.88,0
013194,136,1,60.7,0
013196,11,4,1797.78,0
013198,10,6,3401.2400000000002,1
013199,4,38,9817.12,0
013200,19,4,870.09,0
013203,10,4,869.46,0
013207,15,2,250.26000000000002,0
013208,59,6,1223.9,0
013209,30,8,5891.61,1
013210,94,1,353.48,0
013211,10,3,1197.42,0
013212,20,3,788.08,0
013213,57,5,1520.58,0
013216,268,1,333.74,0
013217,122,3,533.98,0
013218,127,1,62.64,0
013220,78,4,819.2900000000001,0
013221,240,2,847.41,0
013223,200,2,163.2,0
013224,60,2,2155.95,1
013225,3,7,6463.84,0
013226,273,1,108.21000000000001,0
013227,202,1,257.7,0
013228,81,1,358.0,0
013229,226,1,160.95,0
013230,4,14,2806.97,1
013232,13,7,1357.6,0
013233,74,2,605.12,0
013235,212,1,1031.07,0
013236,24,2,744.85,0
013238,17,4,700.73,1
013239,262,1,329.56,0
013240,96,4,663.65,0
013242,112,3,270.40000000000003,0
013243,203,1,600.07,0
013244,93,1,121.74000000000001,0
013245,51,1,430.5,0
013246,18,6,1987.3,1
013247,18,4,501.12,0
013248,125,2,465.68,0
013249,92,3,711.41,0
013253,157,2,1030.4,0
013255,9,2,399.51,0
013258,12,3,698.5799999999999,0
013259,62,1,292.32,0
013260,61,1,557.62,0
013261,269,2,944.1,0
013262,263,1,200.29,0
013263,1,35,7454.07,1
013265,53,5,2107.66,0
013266,11,12,3834.2599999999998,0
013267,3,19,4521.49,0
013268,18,11,3214.69,0
013269,1,15,5346.2300000000005,0
013270,366,1,590.0,0
013271,37,1,217.38,0
013272,31,2,276.56,0
013273,113,1,138.98,0
013276,64,2,590.9300000000001,0
013277,16,4,258.4,0
013278,41,1,542.73,0
013279,78,1,137.75,0
013280,122,3,814.86,0
013282,18,3,1132.14,0
013283,60,2,93.66,0
013284,331,1,201.19,0
013285,23,4,2709.12,1
013291,156,1,361.11,0
013292,39,2,578.94,0
013294,190,2,873.74,0
013295,360,1,201.20000000000002,0
013296,137,1,87.4,0
013297,8,4,2089.85,0
013298,1,1,360.0,0
013299,268,1,142.5,0
013300,169,1,371.89,0
013301,104,4,618.09,0
013302,155,1,63.75,0
013304,351,1,300.42,0
013305,4,10,2000.86,0
013307,120,1,15.0,0
013308,23,3,1385.51,0
013309,7,5,1456.79,1
013310,28,3,1132.03,0
013311,4,2,598.57,0
013313,22,5,1555.3200000000002,1
013314,2,3,775.94,0
013316,37,4,5977.73,0
013317,66,6,2273.68,0
013318,1,3,640.76,0
013319,5,26,10845.550000000001,1
013320,78,4,1548.7,1
013321,72,2,567.36,0
013322,17,1,199.48000000000002,0
013323,3,5,787.85,0
013324,36,10,7121.95,0
013325,82,1,675.3,0
013327,39,8,3627.77,0
013328,316,1,1308.48,0
013329,32,2,789.0,0
013330,93,3,1140.93,0
013332,14,1,350.90000000000003,0
013334,82,3,3536.82,1
013336,77,1,795.12,0
013338,158,1,487.02,0
013339,201,1,860.12,0
013340,45,7,10736.48,1
013341,261,1,775.85,0
013343,178,1,353.43,0
013344,68,3,2543.7200000000003,0
013345,288,1,389.5,0
013347,70,1,341.36,0
013348,64,1,233.76000000000002,0
013349,11,1,247.32,0
013350,16,2,979.12,0
013351,66,1,373.94,0
013352,60,1,397.98,0
013354,71,2,743.53,0
013355,122,1,674.7,1
013356,80,1,768.24,0
013357,257,1,609.95,0
013358,269,1,439.03000000000003,0
013359,64,1,439.56,0
013362,9,4,3090.7400000000002,0
013363,18,2,992.5,0
013364,71,1,134.96,0
013365,34,2,2225.37,0
013366,50,1,56.16,0
013368,257,2,623.4,0
013369,366,1,308.28000000000003,0
013370,372,1,754.87,0
013372,90,1,378.64,0
013373,61,3,3312.25,0
013375,89,1,778.65,0
013376,99,3,1019.76,0
013379,26,3,572.56,0
013381,32,6,3639.31,0
013382,281,1,222.99,0
013384,31,7,4151.93,0
013385,330,1,534.57,0
013388,131,2,677.1,0
013389,11,3,797.96,0
013390,75,1,544.08,0
013391,204,1,59.8,0
013394,2,8,2520.02,0
013395,185,1,307.72,0
013396,29,2,1360.99,0
013397,73,5,1544.13,0
013398,192,1,457.34000000000003,0
013402,127,2,621.23,0
013403,18,1,75.0,0
013404,1,2,252.49,0
013405,74,3,572.451,0
013408,2,62,28117.04,1
013410,24,5,1003.06,0
013411,107,1,213.55,0
013414,134,3,1390.5,0
013416,44,2,712.5,0
013417,5,2,640.83,0
013418,12,18,6127.43,0
013419,64,1,221.06,0
013420,150,2,159.85,0
013421,40,2,1851.08,0
013422,64,1,2626.3,0
013425,108,3,1624.21,1
013426,1,10,3641.32,0
013427,19,3,582.6,0
013428,10,1,218.47,0
013429,11,4,1006.8,1
013430,19,2,679.45,0
013431,67,2,1269.1,0
013434,74,2,534.24,0
013435,5,7,3809.89,0
013436,2,1,196.89,0
013437,14,7,3408.06,0
013439,255,1,283.71,0
013441,92,1,296.64,0
013447,23,3,1129.14,0
013448,17,6,3539.3700000000003,0
013449,24,1,291.88,0
013450,27,6,2043.72,0
013451,26,5,2976.15,1
013452,259,2,590.0,0
013453,166,2,356.98,0
013455,25,2,1058.34,0
013456,18,6,1766.72,0
013458,7,14,9646.57,1
013460,29,2,183.44,0
013461,39,3,1445.0,1
013462,253,1,151.5,0
013464,58,1,674.68,0
013466,184,1,307.90000000000003,0
013467,11,2,1083.71,0
013468,2,37,5704.97,0
013470,99,2,165.0,0
013471,1,4,2531.58,0
013473,61,2,422.64,0
013474,236,1,229.59,0
013475,191,4,1431.78,0
013476,179,2,1238.47,0
013477,38,6,1454.58,0
013479,201,2,300.95,0
013481,46,5,1804.56,1
013482,232,1,184.64000000000001,0
013483,66,1,140.34,0
013484,241,1,313.8,0
013485,233,1,454.24,0
013486,78,3,1122.41,0
013487,58,3,575.4,0
013488,17,13,8968.31,1
013489,105,4,449.52,0
013491,52,10,1215.82,0
013494,312,1,316.26000000000005,0
013495,8,5,2044.8700000000001,0
013496,11,2,653.33,0
013497,283,2,348.05,0
013499,18,5,1159.1100000000001,0
013500,23,3,1166.77,0
013502,17,3,292.0,0
013503,71,1,216.85,0
013504,64,1,295.93,0
013506,316,2,458.52,0
013507,3,4,2479.16,0
013508,244,1,110.97,0
013509,9,7,979.72,0
013510,1,4,1791.56,1
013512,261,1,251.21,0
013513,127,1,205.1,0
013514,74,1,152.20000000000002,0
013515,73,4,891.12,0
013516,21,3,1389.41,0
013517,60,3,2128.42,0
013518,86,1,659.44,0
013519,78,1,122.75,0
013521,1,3,1093.65,0
013522,30,1,125.80000000000001,0
013523,33,5,3964.88,0
013524,41,5,680.1800000000001,0
013525,15,2,628.78,0
013527,34,7,2287.51,0
013529,79,2,307.76,0
013531,205,2,483.8,0
013532,34,1,210.31,0
013533,183,3,270.79,0
013534,2,25,5870.08,1
013536,1,7,3448.29,0
013538,43,7,1280.85,0
013539,86,3,631.34,0
013544,40,2,291.41,0
013546,12,3,626.99,0
013548,96,2,682.41,0
013549,26,7,918.2,0
013551,319,1,91.80000000000001,0
013552,66,12,3740.07,0
013555,74,4,4149.28,0
013557,28,2,584.0600000000001,0
013558,6,4,605.06,0
013560,7,1,174.37,0
013561,216,1,141.85999999999999,0
013562,82,3,1799.3300000000002,0
013563,84,2,777.53,0
013564,144,3,1749.02,0
013565,19,2,240.22,0
013566,41,2,874.71,0
013568,173,1,192.85,0
013569,17,2,373.75,1
013570,243,1,239.49,0
013571,13,12,2092.32,1
013572,206,1,1384.25,0
013573,50,2,294.40000000000003,0
013575,23,5,732.07,0
013576,10,18,6717.34,0
013577,25,4,1687.6000000000001,1
013579,15,2,467.04,0
013581,309,1,118.0,0
013583,156,1,781.03,0
013584,307,1,142.4,0
013587,64,1,712.4,0
013588,16,9,2478.95,0
013589,15,2,379.65,0
013590,11,6,1981.92,1
013591,65,3,1117.13,0
013592,36,4,247.95999999999998,0
013593,108,5,2037.0800000000002,0
013594,53,1,396.97,0
013596,6,2,697.04,0
013598,47,1,180.17000000000002,0
013599,1,21,5153.67,1
013600,312,1,219.52,0
013601,45,2,693.32,0
013602,65,1,428.89,0
013603,26,1,164.34,0
013606,29,3,280.54,0
013607,40,1,678.01,0
013610,12,7,1131.88,0
013611,89,3,1171.8,0
013614,24,4,1610.46,0
013615,319,1,417.69,0
013617,40,3,544.18,0
013618,174,1,177.34,0
013621,117,1,213.85,0
013623,31,5,747.78,0
013626,253,1,257.23,0
013627,59,5,1638.47,0
013629,23,11,7792.36,0
013630,5,7,2031.78,0
013631,100,11,3070.42,0
013632,25,5,2121.27,0
013634,33,5,1575.16,1
013635,68,1,1071.03,0
013636,37,5,949.12,1
013637,52,3,810.5,0
013638,16,1,122.64,0
013639,74,1,1033.34,0
013642,216,1,354.8,0
013643,31,3,519.44,1
013644,16,4,2624.26,0
013645,120,1,252.1,0
013647,10,4,1678.1200000000001,1
013649,257,2,346.6,0
013650,17,6,1836.3400000000001,0
013651,35,2,94.2,0
013652,46,3,1095.08,0
013654,43,6,2707.33,0
013655,114,2,932.97,0
013656,165,2,379.65,1
013657,11,2,382.14,0
013658,10,5,2639.17,0
013659,206,2,1573.2,0
013662,86,3,897.76,0
013663,179,1,189.47,0
013666,60,3,84.65,0
013667,149,1,305.02,0
013668,3,21,6363.59,1
013669,51,2,218.55,0
013670,75,1,349.7,0
013672,301,2,186.39000000000001,0
013673,19,2,396.92,0
013675,151,2,486.82000000000005,0
013678,152,1,232.6,0
013680,1,4,3722.42,1
013681,18,4,827.83,0
013682,187,1,59.5,0
013684,286,1,67.23,0
013685,3,7,3119.44,0
013686,183,1,72.0,0
013689,63,1,910.0,0
013690,59,1,172.25,0
013692,25,3,1488.32,0
013694,4,50,65039.62,1
013695,31,15,2504.13,0
013697,39,1,151.3,0
013699,155,1,308.58000000000004,0
013700,26,10,2265.12,0
013703,318,1,99.5,0
013704,5,9,2308.06,0
013705,8,3,711.86,0
013706,303,1,330.79,0
013707,267,2,806.41,0
013708,271,1,296.88,0
013709,4,13,6328.05,0
013710,32,1,180.48,0
013711,219,2,252.06,0
013712,247,1,228.84,0
013715,281,5,1079.34,1
013716,269,1,138.28,0
013717,32,6,1445.01,0
013718,246,2,306.55,0
013719,15,5,1041.68,0
013720,117,4,799.9,0
013721,36,1,524.14,0
013722,132,3,2375.41,0
013723,217,1,199.85000000000002,0
013725,50,8,1980.56,0
013726,39,2,1079.66,0
013727,29,2,333.48,0
013728,37,6,1016.14,0
013730,136,2,752.6,0
013731,219,2,610.59,0
013732,28,1,491.86,0
013735,25,4,2885.2400000000002,0
013736,5,2,731.9,1
013737,200,1,339.6,0
013739,18,1,216.9,0
013740,241,1,350.75,0
013741,72,3,668.4300000000001,0
013742,17,12,3131.02,0
013743,3,7,1341.6,0
013744,95,2,1156.36,0
013745,162,1,300.04,0
013747,374,1,79.6,0
013748,96,5,948.25,0
013750,54,5,1647.26,0
013751,288,1,296.25,0
013752,124,6,1186.28,0
013753,288,1,741.26,0
013754,152,2,282.6,0
013755,4,9,2161.35,0
013756,2,14,5189.52,0
013758,12,7,3190.55,0
013759,33,2,659.4100000000001,0
013760,54,2,286.79,0
013761,50,2,1070.65,0
013762,219,1,306.72,0
013763,63,1,1714.96,0
013764,71,3,1521.76,1
013767,2,37,17220.36,0
013769,2,10,2796.51,0
013771,64,4,2634.45,0
013772,34,3,1132.13,1
013774,82,1,345.0,0
013777,1,33,25977.16,0
013778,103,1,178.7,0
013780,7,2,360.01,0
013781,251,1,127.84,0
013782,13,6,912.0,0
013784,10,11,2462.79,0
013786,367,1,230.4,0
013787,76,2,309.04,0
013790,4,1,348.79999999999995,0
013791,128,2,1516.0,0
013792,66,2,195.55,0
013798,1,57,37153.85,1
013799,117,2,688.86,0
013800,310,1,558.32,0
013801,67,1,324.8,0
013802,139,3,4599.42,0
013803,255,1,277.07,0
013804,31,7,2635.79,0
013805,52,2,924.5999999999999,0
013806,64,1,256.38,0
013807,367,1,112.6,0
013808,6,5,1747.66,0
013819,302,3,1140.35,1
013821,145,2,385.64,1
013822,6,2,632.0,0
013823,19,2,957.66,0
013824,33,5,1698.94,0
013826,176,1,189.5,0
013827,58,3,412.05,0
013828,22,1,209.49,0
013831,16,6,2202.99,0
013832,19,1,52.2,0
013833,159,1,384.8,0
013835,25,4,834.57,0
013837,212,2,271.24,0
013838,6,4,691.73,0
013841,253,1,85.0,0
013842,59,9,3385.62,0
013844,11,1,361.62,0
013845,65,1,312.98,0
013846,25,3,865.0600000000001,0
013848,92,3,1255.0,0
013849,52,2,1537.95,0
013850,129,1,1595.48,1
013851,96,3,2651.46,0
013853,57,1,1090.1399999999999,0
013854,9,25,8109.5199999999995,0
013856,169,3,388.5,0
013858,57,1,216.17000000000002,0
013859,326,1,201.16,0
013860,1,5,1245.9,0
013862,18,8,2209.36,0
013863,248,1,305.78,0
013865,58,4,501.56,0
013866,74,1,145.67,0
013867,31,3,1015.29,0
013868,7,2,3192.54,0
013869,123,4,3104.9500000000003,0
013870,2,8,2770.94,0
013871,23,13,6403.25,0
013873,120,3,389.6,0
013874,358,1,540.45,0
013875,54,5,1786.79,1
013876,64,1,122.7,0
013877,86,1,117.24,0
013878,55,1,1281.53,0
013880,21,13,3219.77,0
013881,3,20,17159.52,0
013882,3,5,1191.13,0
013883,11,5,2674.48,0
013884,7,5,787.6,0
013885,189,2,506.8,0
013886,71,1,243.56,0
013887,204,1,349.55,0
013888,120,2,605.63,0
013889,93,1,416.90000000000003,0
013890,1,10,1883.81,0
013892,27,4,632.97,0
013893,298,1,821.1,0
013894,24,3,564.62,0
013895,28,4,2593.07,0
013897,50,1,311.16,0
013898,326,1,155.93,0
013899,16,2,388.52,0
013900,183,3,740.95,0
013901,72,5,2867.2000000000003,0
013904,37,2,332.64,0
013908,80,4,2369.55,0
013911,57,9,2580.91,0
013914,12,2,626.45,0
013917,50,2,272.04,0
013918,50,2,1212.8400000000001,0
013922,352,1,172.25,0
013923,54,1,351.13,0
013924,2,6,1838.8500000000001,0
013925,93,4,678.25,0
013926,23,1,223.85000000000002,0
013927,75,1,348.99,0
013928,11,4,464.57,0
013929,169,2,842.65,0
013930,58,2,337.34,0
013931,96,2,1237.53,0
013932,295,1,307.4,0
013933,109,2,608.79,0
013934,264,1,922.1,0
013936,180,1,376.58,0
013937,169,1,158.85,0
013938,35,1,71.66,0
013939,23,3,568.55,0
013940,17,4,839.14,0
013941,22,5,5112.96,0
013946,79,3,561.57,0
013947,65,1,90.60000000000001,0
013948,361,1,102.0,0
013949,3,6,2427.32,0
013950,11,4,745.0600000000001,0
013951,176,3,674.45,0
013952,218,2,3251.071,0
013953,7,7,3515.68,0
013954,1,2,439.92,0
013955,154,2,322.96,0
013956,5,5,1026.42,0
013959,79,3,598.2,0
013960,21,2,230.22,0
013962,22,2,169.54999999999998,0
013963,308,4,664.54,0
013967,146,1,80.7,0
013969,7,18,9053.94,1
013971,19,8,2758.26,0
013972,71,2,190.25,0
013973,287,1,264.7,0
013974,49,1,413.59000000000003,0
013975,31,6,2526.28,1
013976,207,1,357.98,0
013978,15,2,196.79,0
013979,73,1,869.87,0
013980,60,1,200.14,0
013982,39,4,1871.81,0
013983,30,12,2603.43,0
013984,27,5,920.51,0
013985,4,15,7060.13,1
013986,17,1,320.46,0
013988,20,6,4147.96,0
013989,66,2,1266.08,0
013990,213,1,311.3,0
013991,12,6,855.97,0
013992,30,1,76.8,0
013993,43,9,3466.36,0
013994,4,6,2313.14,0
013995,15,5,1393.69,1
013999,10,12,3901.81,0
014000,211,1,635.66,0
014001,46,3,2043.0800000000002,0
014002,134,2,529.73,0
014004,43,7,4582.64,1
014005,10,5,2874.72,0
014006,116,3,962.19,0
014009,198,2,695.61,0
014012,278,1,328.8,0
014013,110,3,473.02,0
014014,77,1,505.18,0
014015,53,1,917.34,0
014019,47,3,1421.6100000000001,0
014020,17,2,642.8,0
014021,155,3,631.9,0
014022,225,1,440.0,0
014023,7,2,584.07,0
014024,122,2,327.7,0
014027,61,1,104.82,0
014029,63,2,467.66,0
014030,18,8,2360.09,0
014031,7,19,17286.86,0
014032,2,11,2975.59,0
014034,22,3,651.8199999999999,0
014035,29,5,1428.02,0
014036,285,1,626.65,0
014037,176,2,147.20000000000002,0
014038,78,3,1560.38,1
014039,33,1,152.2,0
014040,41,12,3614.92,1
014041,266,1,141.41,0
014044,27,4,652.82,1
014045,109,4,1659.75,0
014046,284,1,154.99,0
014047,9,5,1308.6100000000001,0
014048,305,1,409.93,0
014049,17,4,5681.72,1
014050,32,2,746.36,0
014051,1,23,15610.390000000001,0
014052,20,1,225.35999999999999,0
014053,124,2,260.25,0
014054,65,1,92.46000000000001,0
014055,106,1,725.6400000000001,0
014056,1,23,8214.65,1
014057,24,17,6217.96,0
014059,267,1,183.6,0
014060,5,19,6140.42,0
014062,10,12,10464.85,0
014064,29,5,1353.74,0
014066,267,1,152.55,0
014067,64,2,374.7,0
014068,320,1,265.85,0
014071,4,8,1438.82,1
014073,32,1,151.04,0
014075,5,3,942.26,0
014076,129,1,122.47,0
014077,41,5,499.42,0
014078,102,6,1049.37,0
014079,125,1,375.1,0
014080,33,1,45.599999999999994,0
014081,302,2,934.52,0
014082,365,1,182.25,0
014083,4,9,1018.43,0
014085,2,18,4448.54,0
014087,3,1,194.42,0
014088,10,13,50491.81,1
014089,57,1,161.0,0
014090,325,1,76.32000000000001,0
014092,8,14,4076.9100000000003,0
014093,12,1,442.85,0
014096,4,17,65164.79,1
014098,37,1,147.35,0
014099,16,11,3104.17,0
014100,138,1,194.9,0
014101,74,6,5976.79,0
014102,5,5,1360.28,0
014104,154,2,216.21,0
014105,239,1,1266.23,0
014107,52,7,2703.23,0
014108,31,2,597.91,0
014109,73,1,144.2,0
014110,4,12,5683.15,1
014111,14,4,692.85,0
014112,23,7,2915.15,1
014113,4,4,1840.42,0
014114,274,2,386.53,0
014116,20,5,1382.74,0
014117,144,1,90.0,0
014121,4,4,2780.15,0
014124,84,1,419.58,0
014125,11,3,2740.43,0
014126,8,3,706.1300000000001,0
014127,123,3,709.71,0
014128,61,2,637.5,0
014129,2,5,1123.8600000000001,0
014130,319,1,483.86,0
014132,2,11,3586.03,0
014133,130,3,605.64,0
014135,2,15,4690.31,0
014138,2,2,982.38,0
014139,46,1,415.82,0
014140,4,2,935.05,0
014141,3,4,915.13,0
014142,373,1,311.81,0
014143,134,1,115.8,0
014145,47,4,3742.2,0
014146,9,5,4191.0,0
014147,78,2,483.4,0
014148,234,1,157.2,0
014149,221,1,446.62,0
014150,36,2,658.64,0
014152,75,2,621.29,1
014154,239,2,1345.62,0
014155,266,1,118.75,0
014157,20,2,432.88,0
014158,40,1,507.65999999999997,0
014159,20,11,4693.01,1
014161,216,3,1110.52,0
014162,174,2,289.36,0
014163,87,4,2445.91,0
014164,71,2,1631.77,0
014165,276,1,122.53999999999999,0
014167,39,4,574.84,0
014171,98,1,363.79,0
014173,11,4,450.84,0
014174,33,1,134.46,0
014175,60,3,3222.3,0
014176,297,4,576.9000000000001,0
014177,86,4,559.41,0
014178,9,7,1620.93,1
014179,41,2,719.78,0
014180,11,25,4748.52,0
014184,67,1,452.89,0
014185,331,1,197.65,0
014188,31,6,2054.36,0
014189,2,15,4654.08,0
014191,2,13,4684.76,1
014193,68,2,853.39,0
014194,5,21,11349.52,1
014195,202,2,1012.0,0
014196,107,1,335.52,0
014198,18,4,701.4,0
014199,218,1,185.39999999999998,0
014201,60,7,747.44,0
014204,2,1,161.03,0
014205,17,2,466.7,0
014206,239,1,328.15999999999997,0
014208,95,1,151.74,0
014209,11,6,2073.43,0
014210,106,6,1905.8400000000001,0
014211,53,9,2241.1,1
014212,90,1,1070.48,0
014214,31,5,1004.38,0
014215,12,6,1789.72,0
014216,3,4,1839.3,0
014217,2,17,2004.98,0
014218,43,1,169.48000000000002,0
014219,4,1,89.94,0
014220,247,2,632.4000000000001,0
014221,42,9,3432.8,0
014222,177,1,683.17,0
014223,92,3,991.13,0
014224,110,4,1050.1200000000001,0
014226,29,5,2232.19,0
014227,26,10,3350.96,1
014229,52,3,1547.2,0
014231,184,3,925.71,0
014232,43,5,2048.07,0
014233,49,4,1462.72,0
014234,22,4,775.46,0
014235,75,5,3144.86,0
014236,81,2,490.86,0
014237,373,1,161.0,0
014238,326,1,146.85,0
014239,43,11,2380.85,1
014240,30,2,890.34,0
014241,184,1,213.70000000000002,0
014242,235,2,280.55,0
014243,9,10,2588.77,0
014245,220,2,1693.45,0
014246,111,3,1474.06,0
014247,278,1,136.77,0
014248,318,1,302.58,0
014250,7,3,1904.05,0
014251,2,5,2879.7000000000003,0
014256,260,2,969.0600000000001,0
014257,64,5,3099.7200000000003,1
014258,9,9,12669.98,1
014259,142,1,120.0,0
014261,51,2,1163.45,0
014262,8,8,2618.23,0
014264,155,2,333.97,0
014267,163,3,1516.24,0
014270,332,1,492.65000000000003,0
014271,226,1,112.32000000000001,0
014272,74,2,437.96,0
014273,51,4,559.97,0
014276,99,3,1119.74,0
014280,197,1,134.04,0
014282,3,15,3729.34,1
014284,31,2,595.25,0
014285,21,4,1910.01,0
014286,24,3,4628.75,0
014287,8,3,176.63,0
014288,213,1,426.6,0
014289,9,6,911.26,0
014290,11,5,2314.65,0
014291,2,11,3883.25,0
014292,8,9,4871.93,0
014293,3,4,1046.56,0
014295,40,1,166.20000000000002,0
014297,18,4,1305.33,0
014298,8,44,51527.3,1
014299,8,9,3965.62,0
014300,19,1,43.2,0
014301,117,1,640.14,0
014304,223,1,383.45,0
014305,71,3,1858.96,0
014306,51,2,2093.32,0
014307,89,6,2995.7200000000003,0
014309,8,9,2352.53,0
014311,243,1,310.26,0
014312,47,6,1611.5900000000001,0
014314,107,1,120.0,0
014315,45,6,2481.13,1
014317,65,1,508.58,0
014320,207,2,477.79,0
014321,11,5,1530.75,0
014323,115,2,605.0600000000001,0
014326,242,1,183.85,0
014327,163,1,311.65000000000003,0
014329,17,7,5014.84,1
014331,124,2,462.66,0
014332,23,3,866.3100000000001,0
014333,68,1,415.2,0
014334,17,8,2552.21,0
014336,17,4,1614.91,0
014338,161,2,588.22,0
014339,243,1,309.52000000000004,0
014340,219,1,134.7,0
014341,45,8,2182.28,1
014342,21,4,668.5600000000001,0
014344,127,8,889.9300000000001,0
014345,39,1,108.98,0
014346,121,2,1021.58,0
014348,260,1,409.57,0
014349,10,1,133.5,0
014350,274,1,282.93,0
014351,165,1,51.0,0
014352,157,4,1078.96,0
014353,215,1,90.6,0
014354,6,2,163.62,0
014355,366,1,174.4,0
014356,80,2,701.23,0
014357,43,1,225.77,0
014359,19,3,912.1800000000001,0
014360,32,4,2128.23,0
014362,22,1,161.2,0
014364,109,8,3717.35,1
014367,8,16,9261.52,1
014368,320,1,155.0,0
014371,295,1,100.5,0
014373,358,1,76.55,0
014375,185,1,257.68,0
014377,191,2,617.05,0
014379,44,2,348.1,0
014381,52,1,202.68,0
014382,26,1,626.07,0
014383,38,3,1247.69,0
014385,9,3,202.10999999999999,0
014386,297,1,142.4,0
014387,33,3,1770.56,0
014388,10,8,3212.84,1
014389,65,2,1043.46,1
014390,10,9,4652.82,1
014393,218,1,67.95,0
014395,2,9,3507.71,0
014396,65,2,487.99,0
014397,3,19,2612.96,0
014400,149,1,574.7,0
014401,4,13,4051.48,0
014403,130,4,1475.81,0
014404,34,6,1474.32,0
014406,119,1,156.75,0
014407,107,6,2157.73,0
014408,11,7,2606.53,0
014409,71,6,2059.4500000000003,1
014410,92,9,1105.07,0
014411,311,1,1063.0,0
014412,43,2,770.03,0
014413,362,1,122.7,0
014414,92,7,1496.98,0
014415,1,13,5900.28,1
014416,22,2,490.22,0
014418,4,3,1937.25,0
014419,11,6,1058.06,0
014420,99,1,387.52,0
014421,57,2,813.11,0
014422,1,6,4263.64,0
014423,218,1,265.2,0
014424,18,1,322.08,0
014426,24,10,4481.67,0
014427,50,2,363.34000000000003,0
014428,7,5,1244.83,0
014431,303,1,470.36,0
014432,10,6,2255.51,0
014434,22,6,1372.8,0
014436,99,1,89.06,0
014437,366,1,63.0,0
014438,306,1,131.9,0
014440,8,5,2357.68,0
014441,1,4,1712.89,0
014443,54,4,1420.2,0
014446,1,4,1039.58,1
014447,19,5,1163.23,0
014448,9,2,375.35,0
014449,19,4,907.1,0
014450,181,3,483.25,0
014451,60,2,662.59,0
014452,11,2,264.44,0
014453,190,1,119.93,0
014456,5,9,3062.4,1
014457,311,1,113.64,0
014459,155,1,1837.92,1
014460,110,3,434.34,0
014461,148,3,2103.06,0
014462,66,11,2004.02,0
014463,98,3,529.62,0
014465,247,3,1058.6200000000001,1
014466,29,7,2272.4,0
014467,18,4,598.76,0
014470,12,2,461.19,0
014472,104,8,1936.84,0
014473,74,2,234.34,0
014474,46,1,547.66,0
014475,72,3,925.85,0
014476,257,1,215.7,0
014477,20,4,1309.6,0
014479,254,2,316.25,0
014480,11,1,279.05,0
014481,165,2,636.51,0
014482,18,6,2068.15,1
014483,282,1,137.1,0
014484,50,1,321.92,0
014485,39,1,165.75,0
014487,27,6,1196.33,0
014488,68,1,1064.28,0
014489,207,1,463.38,1
014491,175,2,340.93,0
014493,7,5,2383.2400000000002,0
014494,26,1,139.56,0
014495,51,2,123.80000000000001,0
014496,312,2,538.8100000000001,0
014497,309,1,475.37,0
014498,43,5,1957.32,0
014499,26,3,815.32,1
014500,88,3,356.85,0
014501,184,2,251.21,0
014502,20,11,2470.67,0
014503,3,6,3543.26,1
014504,47,4,673.26,0
014505,17,8,5905.64,1
014506,17,5,2012.17,0
014507,24,6,1383.18,0
014508,22,2,276.42,0
014511,11,5,1314.81,0
014512,188,2,275.28,0
014513,101,3,455.59000000000003,0
014514,61,3,1055.35,0
014515,18,6,2102.09,0
014517,33,2,330.45,0
014518,64,1,174.37,0
014520,2,2,270.6,0
014522,24,4,974.54,0
014523,108,1,241.09,0
014524,32,9,1867.68,1
014525,20,9,4332.2,0
014527,3,55,8508.82,1
014528,37,1,364.21999999999997,0
014529,60,3,620.04,0
014530,26,6,2925.91,0
014532,236,4,932.85,0
014533,25,7,1949.72,0
014534,3,18,4447.05,1
014535,60,3,2864.19,0
014536,260,1,171.8,0
014537,58,1,355.56,0
014538,65,2,388.25,0
014539,16,2,537.48,0
014540,10,3,996.26,0
014541,59,8,1461.65,0
014542,186,1,103.25,0
014543,29,16,3630.33,0
014544,24,2,2024.45,0
014546,5,5,2578.09,1
014547,4,8,4007.54,1
014548,151,2,652.8,0
014549,311,1,289.24,0
014550,11,2,765.62,0
014551,18,2,186.23,0
014552,152,1,165.07,0
014553,19,5,859.27,0
014554,10,4,2381.04,0
014555,57,2,324.14,0
014557,85,1,788.38,0
014560,7,22,2237.77,0
014561,76,3,1080.76,0
014562,4,18,5074.77,0
014565,96,4,3099.12,0
014567,57,2,1530.3600000000001,0
014569,1,1,227.39,0
014570,281,2,218.06,0
014572,3,7,2832.84,0
014573,180,9,1653.42,0
014576,372,1,35.400000000000006,0
014577,13,4,859.71,1
014578,3,1,168.63,0
014581,17,1,138.6,0
014582,41,1,114.11,0
014583,6,5,1052.55,1
014584,169,4,1042.26,0
014585,50,1,157.05,0
014586,277,1,237.35999999999999,0
014587,19,9,1601.14,0
014589,372,1,39.75,0
014591,15,4,1447.14,1
014592,35,3,570.46,0
014593,22,3,617.99,0
014594,7,2,379.83,0
014595,20,6,1740.6000000000001,0
014597,11,2,883.15,0
014598,44,1,221.97,1
014600,306,1,393.33000000000004,0
014601,11,1,213.96,0
014603,275,1,660.0,0
014606,1,93,12156.65,1
014607,16,14,16569.5,1
014608,4,4,1785.15,0
014609,72,4,601.56,0
014616,243,3,406.08000000000004,0
014618,9,3,553.44,0
014619,246,1,394.44,0
014620,206,2,412.78000000000003,0
014621,1,5,1788.3600000000001,1
014622,185,1,320.58000000000004,0
014623,32,5,889.25,0
014624,57,2,225.85,0
014625,196,2,899.63,0
014626,24,4,2791.27,1
014628,91,2,671.96,0
014629,4,2,959.01,0
014631,51,3,1006.98,0
014632,263,1,114.56,0
014633,266,1,344.90000000000003,0
014636,36,2,609.85,0
014638,51,1,443.6,0
014639,52,6,2984.4900000000002,0
014640,24,6,2125.08,0
014641,22,1,110.46000000000001,0
014642,59,1,96.12,0
014643,170,2,693.8100000000001,0
014644,68,2,830.76,0
014645,157,2,597.09,0
014647,201,1,243.22,0
014649,5,4,1417.29,0
014651,67,2,654.6,0
014652,77,1,114.18,0
014653,1,7,1947.55,0
014655,8,4,1932.23,1
014656,169,2,291.05,0
014657,18,4,848.22,0
014658,5,2,247.15,0
014659,9,9,2529.93,1
014660,87,2,285.74,0
014661,27,1,107.95,0
014662,29,4,771.17,0
014664,20,2,637.89,1
014665,61,5,1835.7,0
014666,24,1,195.25,0
014667,11,25,9241.2,1
014669,242,3,1269.99,0
014670,280,2,411.53,0
014672,235,2,765.5500000000001,0
014673,3,5,1736.4,0
014675,16,1,604.75,0
014676,31,6,2548.2400000000002,0
014680,25,16,28754.11,1
014681,71,3,498.95,0
014682,188,2,52.0,0
014684,26,5,1236.28,1
014687,107,1,628.38,0
014688,8,21,5630.87,1
014689,209,1,112.80000000000001,0
014690,44,2,371.7,0
014691,31,5,2114.33,0
014692,137,4,591.55,0
014693,264,1,172.9,0
014696,4,7,2078.95,0
014697,218,2,188.61,0
014698,2,5,1250.76,0
014699,214,1,109.13000000000001,0
014700,32,3,2235.3,1
014701,11,9,2549.37,0
014702,1,17,3292.14,0
014703,15,1,318.17,0
014704,11,9,1546.91,0
014705,199,1,179.0,0
014708,3,3,1126.3700000000001,0
014709,15,13,4921.04,1
014710,14,4,606.13,0
014711,10,11,2868.8,0
014712,29,3,917.07,0
014713,9,11,2666.36,1
014714,24,1,160.19,0
014715,25,4,867.38,0
014716,43,2,329.68,0
014719,2,5,1602.13,0
014720,6,3,663.81,0
014722,147,1,187.92,0
014723,10,6,1158.3,0
014725,25,1,718.08,0
014727,274,1,268.58,0
014729,374,1,313.49,0
014730,1,8,2005.06,0
014731,47,3,380.02,0
014732,8,8,2702.4900000000002,0
014733,16,12,9585.91,0
014735,4,32,6065.6900000000005,0
014737,4,3,1164.55,0
014738,43,7,1314.45,0
014739,4,7,3902.28,0
014740,197,3,1448.21,0
014741,12,6,1400.3400000000001,0
014744,16,7,1099.98,0
014745,113,5,1220.26,1
014747,249,1,328.2,0
014748,29,5,1415.75,1
014752,44,1,389.64000000000004,0
014753,87,1,563.15,0
014754,45,2,638.05,0
014755,10,11,5010.28,0
014756,15,1,738.96,0
014757,75,1,420.5,0
014758,145,4,1484.06,0
014759,5,3,1625.97,0
014760,297,1,89.2,0
014761,59,2,255.9,0
014762,264,1,300.52,0
014764,47,1,278.3,0
014765,29,3,254.11,0
014766,8,6,2473.37,0
014768,17,2,192.60000000000002,0
014769,3,8,10674.75,1
014770,232,2,876.4200000000001,0
014772,112,1,139.26,0
014775,58,3,1011.9,0
014776,51,11,2538.2999999999997,0
014778,127,2,730.86,0
014779,281,3,386.15,0
014780,55,2,447.68,0
014782,320,1,200.10000000000002,0
014784,26,2,289.99,0
014785,10,2,77.4,0
014788,7,2,679.44,0
014789,29,1,197.64,0
014790,17,4,745.06,0
014792,64,1,6.2,0
014793,21,1,228.99,0
014794,3,7,1319.91,0
014795,166,1,131.45000000000002,0
014796,1,17,8022.49,0
014798,53,3,173.74,0
014799,51,1,157.7,0
014800,48,12,4339.74,1
014801,61,1,193.14,0
014803,162,3,845.5500000000001,0
014804,9,1,353.27,0
014805,15,4,554.65,0
014806,75,1,193.39000000000001,0
014808,40,8,2741.17,0
014810,41,11,2087.88,1
014813,370,2,155.43,0
014815,37,2,778.5,0
014816,197,1,271.85,0
014817,200,2,1110.34,1
014818,74,3,657.8,0
014819,64,2,272.07,0
014820,21,4,507.29,0
014821,367,1,48.800000000000004,0
014823,180,3,321.43,0
014824,10,4,1127.71,0
014825,4,12,2226.9100000000003,0
014828,197,3,2139.76,0
014829,29,4,697.55,0
014830,53,1,197.13,0
014834,18,6,1720.3,0
014836,10,3,102.45,0
014837,90,4,1649.5,0
014840,268,1,62.85,0
014841,53,6,3295.76,0
014842,44,4,2824.69,0
014844,64,4,3189.81,0
014847,149,1,309.40000000000003,0
014849,22,25,7930.54,0
014850,312,1,325.75,0
014851,23,2,511.35,0
014852,58,6,2836.69,0
014853,24,2,475.8,0
014854,78,7,2759.83,0
014855,119,2,645.65,0
014856,36,3,1311.38,0
014857,60,2,1173.1200000000001,0
014859,13,4,1353.74,0
014860,19,1,170.32,0
014861,52,1,125.79,0
014862,26,2,841.2,0
014863,29,1,266.76,0
014865,7,2,52.2,0
014866,11,12,14389.9,0
014867,186,3,710.28,0
014868,3,8,2953.59,0
014869,9,2,725.7,0
014870,262,1,327.25,0
014871,3,4,522.38,0
014873,210,1,519.68,0
014875,108,2,1465.32,0
014878,13,9,1485.54,0
014880,77,3,706.19,0
014881,20,1,255.4,0
014882,27,2,589.7,0
014883,19,6,761.59,1
014885,132,1,765.3199999999999,0
014886,253,1,364.8,0
014887,79,1,1862.0,0
014888,207,1,369.2,0
014889,336,1,135.9,0
014890,254,1,125.65,0
014891,148,2,554.38,0
014893,10,2,1237.8500000000001,0
014894,85,1,655.75,0
014895,8,20,11138.710000000001,0
014896,205,2,468.77000000000004,0
014897,8,4,1366.38,0
014898,23,6,1303.52,0
014901,11,9,1421.29,0
014902,26,1,332.66,0
014903,21,5,2810.63,0
014904,2,2,1025.44,0
014905,158,2,616.15,0
014907,3,7,3501.1,0
014908,74,1,277.8,0
014910,3,4,434.35,0
014913,36,4,1227.43,0
014915,91,2,307.48,0
014916,71,4,1268.98,1
014918,116,2,1610.15,0
014920,213,2,977.77,0
014921,30,2,1316.07,0
014923,51,1,749.1,0
014924,246,1,310.05,0
014929,32,1,223.88,0
014944,30,12,5900.25,0
014946,14,1,100.9,0
014947,72,2,290.82,0
014948,23,6,1101.97,0
014950,19,1,371.2,0
014951,79,1,311.69,0
014952,60,11,8099.49,0
014953,25,1,289.82,0
014954,12,1,336.17,0
014957,253,1,58.49,0
014958,147,3,499.68,0
014959,64,4,695.42,0
014960,8,2,221.27,0
014961,11,9,7044.68,1
014962,271,1,126.7,0
014963,10,5,1487.8,1
014964,247,1,206.21,0
014965,96,2,599.0,0
014966,15,1,191.32,0
014967,50,1,463.8,0
014968,30,1,147.59,0
014970,68,4,1592.06,0
014971,35,3,1116.57,0
014972,128,1,114.77,0
014973,107,3,1314.45,0
014974,37,1,114.39,0
014975,57,1,279.94,0
014976,57,7,790.86,0
014978,72,5,1931.42,0
014981,246,1,102.12,0
014984,19,2,213.27,0
014985,198,2,296.75,0
014987,16,2,326.4,0
014988,212,1,334.54,0
014995,39,2,233.23000000000002,0
014997,46,3,546.1999999999999,0
014998,170,2,429.87,0
015000,48,1,490.52,0
015002,116,4,1641.76,0
015004,147,1,1246.32,0
015005,16,28,6316.57,1
015006,51,1,502.09,0
015007,159,1,156.91,0
015009,12,3,1261.78,0
015010,36,1,308.94,0
015012,54,2,423.04,0
015014,43,2,260.17,0
015016,173,1,170.04,0
015017,34,1,125.58,0
015018,39,3,496.21,0
015019,267,1,266.0,0
015021,9,9,1914.82,1
015022,12,4,905.04,0
015023,3,11,6802.76,1
015024,10,10,1661.33,0
015025,33,1,377.01,0
015026,80,3,469.0,0
015027,31,4,1066.15,0
015028,8,4,627.13,0
015030,72,2,518.28,0
015031,4,4,668.14,0
015032,256,3,4959.1,1
015033,5,10,2586.67,0
015034,16,8,4308.61,1
015035,90,1,252.73000000000002,0
015036,72,3,465.55,0
015038,59,6,705.49,0
015039,10,47,19914.44,1
015041,170,1,180.35,0
015042,199,1,135.93,0
015043,31,1,537.0,0
015044,19,17,7700.2300000000005,0
015045,152,2,735.66,0
015046,9,15,5213.7699999999995,0
015047,270,1,343.62,0
015048,65,4,384.05,0
015049,274,1,121.17000000000002,0
015050,25,3,1782.09,0
015051,23,3,1391.61,0
015052,319,1,215.78,0
015053,5,3,697.79,0
015054,12,2,302.1,0
015057,275,2,1489.5,0
015058,25,11,2124.99,1
015059,41,9,1337.72,0
015060,8,4,303.09000000000003,0
015061,4,48,54534.14,0
015062,71,4,987.86,0
015063,213,1,370.79999999999995,0
015065,38,4,3158.13,0
015066,53,1,893.59,0
015067,78,3,1744.76,0
015068,46,2,553.36,0
015069,179,1,1109.53,0
015070,373,1,106.2,0
015071,94,2,982.07,0
015073,10,3,1043.41,0
015074,105,1,748.87,0
015075,78,1,773.03,0
015076,173,1,880.85,0
015078,7,32,9743.11,1
015079,213,4,895.61,0
015081,22,5,504.8,0
015083,257,1,88.2,0
015087,282,1,306.94,0
015088,21,2,1160.07,0
015089,10,6,2420.84,0
015090,308,1,381.32,0
015091,68,1,480.71,0
015092,215,2,457.81,0
015093,18,6,4597.02,0
015095,104,4,1370.6000000000001,0
015096,43,1,219.39000000000001,0
015097,4,1,248.08,0
015098,182,3,39916.5,0
015099,84,1,410.48,0
015100,334,3,876.0,0
015101,9,2,317.53000000000003,0
015103,31,2,703.36,0
015104,197,2,1027.44,0
015105,18,7,2298.93,0
015106,18,5,1422.52,0
015107,311,6,319.5,0
015109,246,1,484.95,0
015110,24,4,996.1,0
015111,29,3,1567.48,0
015113,10,3,3609.33,0
015114,30,10,2760.56,0
015115,18,1,340.11,0
015116,18,4,1352.75,0
015117,15,5,1551.78,1
015118,134,1,244.8,0
015119,246,1,266.4,0
015120,134,1,358.82,0
015121,50,2,457.72,0
015122,114,3,1633.78,0
015123,7,2,2199.31,0
015124,23,2,184.19,0
015125,25,15,11528.48,1
015127,66,1,406.53000000000003,0
015128,60,4,1471.0,0
015129,50,11,3447.4,0
015130,170,1,330.11,0
015132,18,5,977.9300000000001,0
015133,128,3,982.42,0
015134,15,8,1387.99,0
015135,239,1,139.05,0
015136,3,4,1286.7,0
015139,240,2,178.96,0
015140,52,7,2354.25,0
015142,46,1,498.74,0
015143,226,1,259.45,0
015144,8,17,6580.4400000000005,1
015145,4,4,1194.73,0
015146,165,2,1327.16,0
015147,240,1,623.5,0
015148,11,1,301.29,0
015149,134,1,520.8000000000001,0
015150,17,10,5314.47,0
015152,10,13,4745.69,0
015153,31,1,329.25,0
015154,75,1,296.42,0
015156,1,3,961.49,0
015157,4,3,1936.07,0
015158,45,1,401.40000000000003,0
015159,2,30,18641.010000000002,1
015160,357,1,158.16,0
015163,18,2,304.47,0
015164,69,3,843.05,0
015165,373,1,487.75,0
015167,321,1,163.0,0
015168,26,1,106.56,0
015171,331,1,1289.5,0
015172,9,5,1624.05,1
015174,323,1,135.75,0
015175,72,1,224.14,0
015178,260,1,40.5,0
015179,18,5,2206.9500000000003,0
015180,367,1,87.5,0
015181,66,3,689.48,0
015182,154,2,622.85,0
015184,29,2,406.76,0
015185,70,1,310.62,0
015186,14,2,411.41,0
015187,2,16,4777.18,0
015189,1,41,16225.39,0
015192,120,3,1044.32,0
015193,61,1,499.32,0
015194,3,15,7616.53,0
015195,3,1,3861.0,0
015197,11,3,1079.61,0
015198,92,2,193.64,0
015199,59,4,1268.7,0
015201,87,5,1236.54,0
015203,26,6,1827.8,1
015204,357,1,316.58,0
015205,85,2,653.24,0
015206,10,4,420.3,0
015208,1,5,870.12,0
015210,225,1,331.18,0
015211,60,2,894.4100000000001,0
015212,241,1,101.8,0
015213,319,2,328.35,0
015214,2,8,1661.44,0
015215,47,3,734.94,0
015216,88,1,96.6,0
015218,11,11,5756.89,0
015219,176,1,305.75,0
015220,52,6,1778.96,0
015221,366,1,403.25,0
015222,319,1,585.0,0
015223,226,2,755.75,0
015224,358,2,322.08,0
015225,234,1,409.40000000000003,0
015226,311,1,154.41,0
015227,37,5,1219.4,0
015228,66,4,3386.71,0
015230,239,2,429.6,0
015232,113,2,612.06,1
015234,277,1,197.0,0
015235,218,12,2247.51,0
015236,299,1,321.05,0
015237,2,4,1412.32,0
015238,29,3,1071.99,0
015239,10,2,780.59,0
015240,45,5,1706.57,0
015241,67,8,1756.44,0
015243,74,1,316.68,0
015244,65,2,631.57,0
015245,134,3,2515.84,0
015246,238,2,514.15,0
015247,122,1,356.0,0
015249,32,13,6688.46,1
015251,9,11,10484.99,0
015252,36,2,740.78,0
015253,16,5,918.2,0
015254,127,1,300.36,0
015255,67,1,890.85,0
015256,149,1,98.45,0
015257,283,1,317.15,0
015258,169,2,623.16,0
015260,100,7,1810.77,0
015261,135,1,254.82,0
015262,324,1,178.95000000000002,0
015263,107,1,156.51,0
015264,64,1,393.74,0
015265,151,2,1506.1200000000001,0
015266,338,1,119.3,0
015267,22,5,1717.36,0
015269,24,1,408.8,0
015270,16,7,2379.49,0
015271,7,15,2507.07,0
015272,57,2,721.94,0
015274,4,2,716.57,0
015275,38,1,615.14,0
015276,66,1,135.31,0
015277,47,1,255.89999999999998,0
015279,355,1,290.51,0
015280,172,1,113.12,0
015281,59,9,2332.15,0
015286,50,1,240.55,0
015287,22,2,486.69,0
015288,43,5,2306.52,0
015289,29,3,939.78,0
015290,5,18,7943.22,0
015291,26,15,4668.3,0
015292,201,1,180.94,0
015296,51,6,3672.86,1
015297,10,3,641.94,0
015298,2,12,4799.9,1
015299,67,7,4507.01,0
015300,64,1,496.44,0
015301,51,12,5070.35,0
015303,290,1,574.02,0
015304,61,8,694.4,0
015306,64,3,1174.3500000000001,0
015307,96,1,205.3,0
015308,274,1,310.47,0
015311,1,91,60767.9,1
015312,75,4,924.85,0
015313,110,1,52.0,0
015314,199,1,327.97,0
015315,64,2,570.5,0
015316,327,1,165.0,0
015318,4,1,312.62,0
015319,284,1,204.5,0
015320,44,1,267.13,0
015321,71,3,2748.31,0
015322,86,1,679.68,0
015325,104,1,162.29,0
015326,334,1,311.71,0
015327,53,1,208.75,0
015329,39,3,1049.7,0
015330,32,2,714.9599999999999,0
015333,208,1,1028.56,0
015334,157,3,351.67,1
015335,53,1,173.97,0
015339,66,2,574.07,0
015341,81,1,2020.52,0
015342,130,1,406.09000000000003,0
015343,87,1,364.5,0
015344,1,3,563.94,0
015345,46,1,393.54,0
015346,333,1,252.42000000000002,0
015347,366,1,201.60000000000002,0
015348,72,1,158.04,0
015349,158,2,473.81,0
015350,373,1,115.65,0
015351,12,7,1960.11,0
015353,255,2,777.02,0
015355,29,2,277.05,0
015356,31,10,2766.5,1
015358,5,22,8347.2,0
015360,40,1,427.93,0
015361,362,1,418.92,0
015363,373,1,326.0,0
015364,96,2,913.19,0
015365,26,7,2314.32,0
015366,75,2,602.51,0
015367,57,4,1877.5900000000001,1
015368,21,1,446.94000000000005,0
015370,41,7,2386.05,0
015372,137,1,2007.4,0
015373,8,12,2415.91,0
015374,129,1,168.0,0
015376,40,3,1233.3600000000001,0
015379,169,7,3703.29,1
015380,9,5,1690.26,0
015381,214,2,596.85,0
015382,15,6,5955.71,1
015384,170,2,642.41,0
015385,40,1,316.88,0
015386,186,1,394.14,0
015389,172,1,500.0,0
015392,5,4,1535.53,0
015393,16,2,231.86,0
015394,10,4,2183.54,1
015395,326,1,107.45,0
015396,113,1,288.18,0
015397,290,1,94.0,0
015398,16,2,1345.53,0
015399,1,3,815.77,0
015400,92,5,716.2,0
015402,149,2,626.77,0
015405,189,1,349.1,0
015406,31,2,510.71000000000004,0
015407,34,4,1056.44,0
015408,264,1,267.18,0
015410,84,8,3450.84,0
015411,26,4,1358.88,0
015412,171,1,190.53,0
015414,10,3,774.9000000000001,0
015415,313,1,572.8100000000001,0
015416,65,4,3984.32,0
015417,85,1,508.8,1
015419,25,1,135.86,0
015421,59,4,950.36,0
015422,323,2,97.7,0
015423,38,1,43.5,0
015424,254,2,383.34,0
015426,19,5,1447.39,0
015427,33,3,1483.14,0
015428,15,1,93.78,0
015429,27,2,397.35,0
015432,23,1,171.19000000000003,0
015433,214,2,533.3,0
015434,8,5,1041.48,0
015435,22,1,149.29,0
015436,12,3,1122.53,0
015437,262,1,200.16,0
015438,131,1,156.57999999999998,0
015440,55,3,383.68,0
015442,249,1,594.0,0
015443,2,7,3236.91,0
015444,9,2,1418.26,0
015445,264,1,113.5,0
015447,331,1,155.17000000000002,0
015448,313,1,494.64,0
015449,26,3,974.52,0
015450,30,1,429.84,0
015452,30,3,538.73,0
015453,2,7,1388.37,0
015454,362,1,179.1,0
015456,283,3,447.22,0
015457,262,1,237.07,0
015458,25,1,161.64,0
015460,354,1,216.76,0
015462,94,3,234.6,0
015463,29,1,126.14,0
015464,338,1,1048.85,0
015465,20,18,7354.62,0
015466,85,1,334.53,0
015467,9,3,524.88,0
015468,51,2,467.51,0
015469,50,2,538.55,0
015471,2,1,469.48,0
015472,113,1,371.56,0
015473,14,7,1771.2,0
015475,77,1,454.11,0
015478,40,2,1441.42,0
015482,16,12,11054.96,0
015483,161,4,233.81,0
015484,1,4,3594.31,1
015485,30,3,2575.0,0
015488,93,1,91.32000000000001,0
015489,23,3,1134.28,0
015491,95,6,3100.09,0
015492,28,2,659.46,0
015493,33,5,2001.8,0
015494,21,2,1299.23,0
015497,18,2,1262.2,0
015498,3,27,13316.4,1
015500,8,4,1131.56,0
015502,16,12,10384.93,0
015503,363,1,147.09,0
015504,81,1,52.83,0
015505,53,5,3610.96,0
015506,23,3,979.26,1
015507,172,1,492.36,0
015508,189,6,1000.27,0
015510,331,1,250.0,0
015511,12,5,909.23,0
015512,156,2,121.0,0
015513,33,19,14758.22,0
015514,12,11,4139.46,0
015516,45,3,62.43,0
015517,233,1,267.03,0
015518,64,8,1942.45,0
015520,2,1,343.5,0
015521,40,8,3000.2,0
015522,33,2,398.84,0
015523,84,1,412.01000000000005,0
015524,25,1,440.0,0
015525,2,3,825.92,0
015526,33,2,148.44,0
015527,19,8,2429.78,0
015528,254,1,229.33,0
015529,23,11,3995.23,1
015530,22,4,1502.3500000000001,0
015531,8,2,2007.44,0
015532,25,4,1580.93,0
015533,19,3,807.57,0
015535,173,4,536.4,0
015537,163,1,110.92,0
015539,7,1,538.46,0
015540,11,1,213.3,0
015541,114,1,85.13000000000001,0
015543,288,1,127.86,0
015544,9,9,3546.71,0
015545,54,2,292.71999999999997,0
015547,7,14,4954.84,0
015549,77,3,1693.26,0
015550,4,4,575.63,0
015551,37,1,436.06,0
015552,217,1,90.12,0
015553,60,1,437.23,0
015554,278,1,217.2,0
015555,12,16,4805.17,1
015556,24,1,279.77,0
015557,29,1,473.65000000000003,0
015561,12,4,800.5899999999999,0
015562,352,1,134.55,0
015563,22,4,1400.44,0
015565,50,2,173.16000000000003,0
015567,19,1,186.01,0
015568,3,3,758.29,0
015569,104,5,1375.71,0
015570,7,12,4165.52,0
015571,12,4,650.4300000000001,0
015572,5,7,2552.86,0
015573,32,2,607.45,0
015574,178,4,702.25,0
015576,38,1,940.67,0
015577,151,3,258.88,0
015578,162,1,127.1,0
015579,69,2,348.6,0
015581,121,13,3679.9700000000003,0
015582,25,3,682.9100000000001,0
015584,24,4,725.11,1
015585,177,1,455.3,0
015587,50,4,913.68,0
015589,256,3,478.53,0
015592,47,1,388.58,0
015593,71,1,199.8,0
015594,16,5,1771.78,0
015596,101,5,1406.59,0
015597,35,1,324.57,0
015598,53,1,240.68,0
015599,27,2,761.74,0
015601,11,14,6776.56,0
015602,8,9,1297.8700000000001,0
015603,79,1,48.480000000000004,0
015604,52,1,216.39000000000001,0
015605,36,5,1198.23,0
015606,61,9,2920.16,0
015607,337,1,104.76,0
015608,28,4,1093.68,0
015609,184,1,298.48,0
015610,52,1,112.46000000000001,0
015611,10,13,1591.45,0
015612,36,2,195.15,0
015615,10,23,10399.74,1
015618,33,4,776.851,0
015619,11,1,336.4,0
015620,57,3,1553.18,0
015621,4,4,1293.03,0
015622,43,9,3709.56,1
015623,141,1,301.03000000000003,0
015624,117,4,588.13,0
015625,104,4,1534.26,0
015626,75,2,675.8,0
015628,5,9,2870.2400000000002,0
015630,45,2,1186.35,0
015632,16,8,3285.31,1
015634,17,1,243.55,0
015636,90,2,724.76,0
015637,53,1,223.36,0
015639,134,1,425.32,0
015640,4,15,12515.66,1
015641,105,4,1887.2,1
015643,192,3,664.0,0
015644,166,4,813.0,0
015645,19,1,612.01,0
015646,158,3,447.64000000000004,0
015648,204,2,657.35,0
015649,336,2,816.0,0
015651,37,3,646.3,0
015652,91,1,337.74,0
015653,93,2,877.44,0
015654,9,2,922.53,0
015655,243,1,560.6700000000001,0
015656,45,4,748.5,0
015657,23,1,30.0,0
015658,190,5,1024.1000000000001,0
015659,44,1,306.45,0
015660,25,9,1600.86,0
015661,317,2,309.8,0
015663,106,1,138.14,0
015664,51,1,386.43,0
015665,168,2,2242.01,1
015667,40,1,301.32000000000005,0
015668,218,1,76.32000000000001,0
015669,40,4,684.34,0
015670,297,1,173.05,0
015671,19,7,2657.13,0
015673,88,4,2881.02,0
015674,73,5,2446.6,1
015675,81,3,323.69,0
015676,19,3,3435.76,0
015677,49,1,657.23,0
015678,53,1,352.7,0
015679,24,4,781.28,0
015680,9,3,1333.68,0
015681,25,5,1426.16,0
015683,117,1,193.75,0
015687,9,9,2993.1,0
015689,120,2,254.1,0
015690,4,2,239.76,0
015691,252,1,136.8,0
015692,28,1,191.04,0
015694,1,14,6479.4,0
015695,267,2,409.98,0
015696,33,8,2736.46,0
015699,18,1,309.65,0
015700,172,2,696.68,0
015701,2,4,1542.14,0
015703,265,1,211.5,0
015704,140,4,2293.62,0
015705,201,1,143.1,0
015706,64,4,1060.56,0
015707,35,4,945.58,0
015708,41,7,3364.2400000000002,0
015709,284,1,133.25,0
015712,9,5,1072.3600000000001,0
015713,143,2,356.7,0
015714,12,2,330.88,0
015716,146,4,1118.81,0
015717,234,1,150.3,0
015719,33,13,5045.61,1
015720,24,1,598.73,0
015721,12,1,507.08000000000004,0
015722,36,5,2222.56,0
015723,365,1,203.10000000000002,0
015724,201,2,218.25,0
015725,15,1,415.25,0
015727,17,7,5178.96,0
015729,213,1,85.0,0
015730,66,3,1120.88,0
015732,212,2,294.12,0
015733,283,1,162.3,0
015734,115,2,1339.45,0
015737,15,8,1205.1200000000001,0
015738,19,16,4812.42,0
015739,66,1,449.12,0
015740,49,1,154.88,0
015743,16,4,784.46,0
015744,78,1,34.8,0
015745,19,4,1094.5900000000001,0
015746,134,1,196.88,0
015747,13,3,974.04,1
015748,40,1,149.31,0
015749,235,3,44534.3,0
015750,3,8,2465.48,1
015752,40,7,2637.38,1
015753,305,1,79.2,0
015754,51,3,458.57,0
015755,10,6,2364.25,0
015756,61,4,532.96,0
015757,66,2,714.42,0
015758,25,1,205.25,0
015759,218,3,253.04000000000002,0
015762,65,2,583.75,0
015763,32,2,1086.92,0
015764,88,6,3279.9700000000003,0
015766,64,1,315.06,0
015768,116,3,621.83,0
015769,7,26,56252.72,0
015773,6,1,635.6800000000001,0
015774,69,1,270.8,0
015775,245,1,104.9,0
015776,133,1,241.62,0
015777,241,4,1047.1100000000001,0
015780,184,3,475.28000000000003,0
015781,25,3,345.46000000000004,0
015782,10,3,2614.74,0
015783,11,1,246.3,0
015785,33,5,2328.9700000000003,0
015786,46,3,4932.2,0
015787,26,3,948.05,0
015789,358,1,351.3,0
015790,10,1,220.85,0
015791,44,2,1612.69,0
015793,15,3,965.61,0
015795,150,1,610.01,0
015796,1,8,2711.56,1
015797,113,4,2207.4,0
015799,76,3,884.14,0
015800,107,2,699.08,1
015801,46,3,1063.95,0
015802,143,1,451.42,0
015803,51,1,415.82000000000005,0
015804,1,13,4206.39,0
015805,23,17,5528.4800000000005,1
015806,46,3,784.58,0
015807,50,3,903.9,0
015808,306,4,3734.9700000000003,1
015809,36,5,515.77,0
015810,79,4,1391.98,1
015811,22,6,2218.62,0
015812,107,5,1801.14,0
015813,208,2,1303.9099999999999,0
015814,17,4,1945.3300000000002,0
015815,64,5,2100.6,0
015819,49,4,1905.45,0
015820,320,1,206.98,0
015821,44,2,570.96,0
015822,3,2,885.47,0
015823,372,1,15.0,0
015825,172,1,532.94,0
015826,56,3,1654.31,0
015827,73,14,1836.09,0
015829,99,2,636.14,0
015830,38,1,576.0,0
015831,58,3,801.76,0
015832,254,1,836.79,0
015834,70,4,2233.75,0
015835,44,4,954.09,0
015836,50,1,137.37,0
015837,65,1,391.98,0
015838,11,19,33643.08,0
015839,33,3,1048.49,0
015840,59,2,355.56,0
015841,73,4,1224.06,0
015843,304,1,118.95,0
015844,46,1,130.73999999999998,0
015845,18,8,3711.77,0
015847,38,2,389.27,0
015850,19,2,238.85,0
015852,187,2,160.71,0
015853,52,1,110.8,0
015854,4,12,2974.65,0
015855,137,5,712.24,0
015856,4,27,16387.57,0
015857,19,1,297.0,0
015858,16,5,1438.85,0
015860,41,8,977.21,0
015861,12,8,3165.36,1
015862,8,4,832.88,0
015863,26,2,68.84,0
015864,22,6,1936.32,0
015865,41,3,895.13,0
015866,101,1,230.53,0
015867,5,15,3812.64,0
015869,277,2,149.64,0
015870,33,1,354.09000000000003,0
015872,15,2,360.93,0
015874,64,7,4405.88,0
015877,2,2,493.28,0
015880,369,1,343.28,0
015881,312,5,501.39,0
015882,199,4,516.36,0
015883,2,2,396.48,0
015885,93,3,379.35,0
015886,60,1,181.09,0
015888,81,1,168.31,0
015889,157,2,446.87,0
015891,227,1,524.52,0
015894,253,2,263.55,0
015895,150,1,179.17,0
015897,194,2,222.05,0
015898,1,5,1388.88,0
015899,369,1,56.25,0
015900,24,1,351.11,0
015901,17,3,363.88,0
015903,10,7,5126.76,0
015904,8,1,164.68,0
015906,20,7,1567.69,0
015907,4,3,967.45,0
015909,174,1,191.94,0
015910,1,8,1232.18,0
015912,178,2,264.62,0
015916,16,8,1528.09,0
015917,248,1,123.1,0
015918,191,2,334.23,0
015919,20,2,639.89,0
015920,154,4,167.5,0
015921,173,1,336.03000000000003,0
015922,373,1,369.5,0
015923,373,1,127.08,0
015925,194,1,207.15,0
015930,67,1,426.63,0
015932,4,8,2495.87,0
015933,21,3,1107.46,0
015935,239,2,416.86,0
015937,64,1,145.35000000000002,0
015938,112,5,404.58000000000004,0
015939,90,15,6115.01,0
015940,311,1,35.8,0
015942,134,1,337.44,0
015944,277,1,325.1,0
015945,365,1,181.0,0
015947,83,1,1708.24,1
015948,8,2,955.24,0
015949,17,2,364.72,0
015950,32,4,1765.51,1
015951,9,2,708.22,0
015952,34,4,806.57,0
015953,15,8,1659.3799999999999,0
015955,24,14,4416.26,1
015957,32,1,428.89,0
015958,74,1,104.35,0
015963,20,2,470.76,0
015965,17,4,845.64,0
015967,23,2,418.83,0
015969,3,3,666.1,0
015970,304,1,314.09999999999997,0
015971,17,12,4199.85,0
015973,367,1,307.82000000000005,0
015974,39,7,3442.15,0
015975,84,1,371.01,0
015976,165,2,430.94,0
015977,17,2,1054.73,0
015978,77,1,1098.78,0
015980,89,3,2398.86,0
015981,25,8,3408.48,0
015983,22,4,1475.02,0
015984,3,10,2837.67,0
015985,123,2,1142.42,0
015986,30,1,168.12,0
015987,12,7,1451.28,0
015988,19,1,158.03,0
015990,44,2,792.11,0
015992,4,1,41.989999999999995,0
015993,9,7,2797.57,0
015994,55,1,427.07,0
015996,88,6,1060.68,0
015998,37,5,3089.97,0
016000,3,3,12393.7,0
016003,30,5,2735.37,0
016005,12,4,615.39,0
016006,211,1,101.4,0
016007,48,4,1701.94,1
016008,24,3,478.78,0
016009,22,4,992.71,0
016010,246,3,407.5,0
016011,8,16,3362.71,0
016012,35,3,1415.29,0
016013,4,47,37130.6,0
016014,38,3,662.38,0
016015,4,3,705.39,1
016016,3,8,1508.76,1
016017,47,1,211.88,0
016018,39,2,408.9,0
016019,47,9,3786.24,0
016020,17,3,851.01,0
016022,260,1,628.28,0
016023,46,3,719.81,0
016024,12,1,251.24,0
016025,30,1,439.65999999999997,0
016026,43,1,236.09,0
016027,92,6,934.62,0
016029,39,63,81024.84,1
016030,310,1,331.24,0
016031,92,2,548.94,0
016033,6,20,8816.4,0
016034,196,3,437.70000000000005,0
016036,87,2,758.9200000000001,0
016037,270,3,855.02,0
016038,8,3,471.78,0
016040,65,3,1313.55,0
016041,31,3,3166.4,0
016042,22,5,1197.27,0
016043,37,4,773.99,0
016045,120,4,1340.7,0
016048,373,2,256.44,0
016049,40,3,1111.79,0
016050,174,1,137.9,0
016052,54,1,362.06,0
016053,33,2,1511.95,1
016054,145,1,783.9,0
016055,221,1,134.8,0
016056,45,1,664.85,0
016057,16,7,2263.12,0
016059,66,6,1459.8600000000001,0
016062,10,4,1153.62,0
016063,260,1,335.32,0
016065,365,1,372.09,0
016066,17,5,1521.87,0
016070,22,2,852.15,0
016071,45,1,326.24,0
016072,288,1,584.3199999999999,0
016073,297,1,122.4,0
016076,3,10,2234.73,0
016078,284,1,79.2,0
016079,17,3,1352.0,0
016080,82,2,217.16,0
016081,56,5,2806.9,0
016083,101,2,1317.62,0
016084,299,1,436.18,0
016085,23,5,981.51,0
016086,59,5,1121.39,0
016091,155,2,315.06,0
016092,115,3,817.86,0
016093,107,1,17.0,0
016094,12,4,1078.23,0
016096,264,1,320.62,0
016097,240,1,185.04999999999998,0
016098,88,7,2005.63,0
016099,50,3,731.9,0
016101,71,1,1290.7,1
016102,42,3,1842.14,0
016103,7,6,1429.64,0
016104,62,1,302.36,0
016105,249,1,336.96,0
016106,66,1,108.38,0
016107,18,7,3204.1600000000003,0
016108,85,1,842.5,0
016109,219,2,611.88,0
016110,45,3,1337.48,0
016112,143,4,195.74,0
016113,183,1,161.38,0
016114,171,1,135.75000000000003,0
016115,10,8,1667.97,0
016116,212,1,612.78,0
016117,190,1,232.21,0
016119,8,2,423.36,0
016120,59,4,1309.14,0
016121,57,2,867.11,1
016122,73,4,684.42,0
016123,52,1,307.78000000000003,0
016124,317,1,249.0,0
016125,367,1,289.35,0
016126,29,4,6287.77,0
016127,39,1,656.25,0
016128,18,5,1880.22,0
016131,52,6,3506.54,0
016133,4,33,14589.04,0
016134,22,2,618.09,0
016135,263,1,517.55,0
016136,60,3,709.38,0
016139,19,3,635.4100000000001,0
016140,66,2,725.1800000000001,0
016141,88,1,620.4,0
016142,250,1,535.34,0
016143,3,6,2424.94,0
016144,247,1,175.2,0
016145,9,11,3799.4900000000002,0
016146,157,3,734.13,0
016147,134,1,375.0,0
016148,296,1,76.32000000000001,0
016149,5,2,280.52,0
016150,43,5,2053.02,1
016152,269,1,1829.04,0
016153,50,5,1824.23,0
016156,9,9,3122.04,0
016157,16,3,656.69,0
016159,282,1,348.2,0
016160,65,2,1025.44,0
016161,2,19,5575.56,1
016162,252,1,37.4,0
016163,232,2,856.6,0
016164,17,3,822.48,0
016168,11,27,3787.6,0
016169,8,4,1822.97,1
016170,51,6,1885.05,0
016171,59,1,73.19999999999999,0
016172,95,5,1140.21,1
016173,16,6,1418.32,0
016174,126,3,1009.55,0
016175,94,4,1037.5900000000001,0
016177,50,1,331.95,0
016178,138,1,197.9,0
016179,61,1,215.83,0
016180,100,8,10254.18,1
016181,73,1,305.54,0
016182,72,4,6617.65,1
016183,67,1,338.71000000000004,0
016184,64,6,1158.79,0
016185,17,2,529.41,0
016186,23,12,4006.94,0
016187,32,15,6911.4400000000005,1
016188,45,4,981.86,0
016189,16,2,215.48,0
016190,40,1,215.08,0
016191,3,13,5180.52,0
016193,237,1,314.45,0
016198,75,1,400.68100000000004,0
016200,4,2,1080.6200000000001,1
016201,3,4,1863.47,1
016202,361,1,365.27,0
016203,59,4,592.9,0
016204,23,1,405.71,0
016205,31,4,761.38,0
016206,55,4,537.0600000000001,0
016207,25,1,394.38,0
016208,45,2,664.26,0
016209,89,5,2262.62,0
016210,2,18,21086.3,0
016211,89,1,547.02,0
016212,19,2,690.34,0
016213,79,1,159.0,0
016214,171,3,1062.75,0
016215,81,1,242.35,0
016216,267,1,914.9300000000001,0
016217,235,2,304.25,0
016218,30,7,3084.68,1
016221,37,3,864.86,0
016222,318,1,846.72,0
016224,57,4,1295.3,0
016225,45,5,1096.32,0
016226,203,3,255.12,0
016227,225,1,314.22,0
016229,87,2,1010.6,0
016230,190,2,542.03,1
016232,44,4,990.88,0
016233,71,3,536.6800000000001,0
016235,41,5,867.3100000000001,0
016236,78,1,432.2,0
016239,57,2,414.2,0
016240,24,2,3718.8,0
016241,10,13,2607.87,1
016242,8,7,3603.21,1
016243,34,2,409.1,0
016244,212,2,1522.75,0
016245,24,3,1413.66,0
016247,170,1,114.56,0
016248,62,1,152.94,0
016249,53,5,1800.07,0
016250,261,2,389.44,0
016253,67,2,3683.86,0
016255,17,8,2619.91,0
016256,267,1,752.4300000000001,0
016257,177,1,46.95,0
016258,45,5,5203.51,0
016260,51,1,1035.45,0
016261,17,4,746.83,0
016265,9,9,5447.0,0
016266,74,7,861.89,0
016268,71,2,667.65,0
016270,353,1,1141.24,0
016271,3,5,1429.24,1
016272,117,1,411.7,1
016274,373,1,357.95,0
016275,197,1,559.87,0
016276,177,1,810.6,0
016278,100,1,566.38,0
016279,21,3,1509.58,1
016281,72,1,2062.06,0
016282,340,1,168.3,0
016283,6,5,1570.81,0
016284,31,2,823.97,0
016287,170,1,142.5,0
016292,122,1,302.25,0
016293,22,10,2248.9900000000002,0
016295,10,4,1328.55,0
016297,269,1,301.9,0
016298,23,3,598.2,0
016302,127,1,233.22,0
016303,26,3,5360.63,1
016305,139,1,361.22,0
016306,214,6,632.27,0
016308,38,4,2560.0,0
016309,106,2,706.57,0
016311,18,2,616.26,0
016313,3,2,274.15000000000003,0
016315,331,1,226.37,0
016316,64,8,2938.91,0
016317,120,3,1341.65,0
016318,35,1,328.15000000000003,0
016319,218,1,404.40000000000003,0
016322,1,2,326.75,0
016323,196,1,207.50000000000003,0
016324,128,3,428.68,0
016325,47,3,594.24,0
016326,6,14,3110.96,0
016327,14,6,3844.2200000000003,1
016330,18,3,251.91,0
016332,28,7,1593.2,0
016333,8,22,26626.8,0
016337,37,1,151.05,0
016338,157,1,214.8,0
016339,284,1,109.95,0
016340,107,1,549.07,0
016341,25,4,1971.8700000000001,0
016342,75,4,322.41,0
016343,16,2,370.48,0
016344,158,1,101.10000000000001,0
016345,44,1,575.41,0
016347,11,2,887.65,0
016348,32,7,1469.45,0
016349,291,1,53.5,0
016350,21,4,1116.47,0
016351,333,1,153.9,0
016352,18,2,494.44,0
016353,4,23,6675.71,0
016354,63,2,395.8,0
016356,198,3,211.77,0
016357,33,3,658.88,0
016358,1,4,2027.5,0
016359,7,9,1750.92,0
016360,5,6,3512.53,0
016361,10,4,896.66,0
016362,32,5,734.77,0
016363,53,1,109.36000000000001,0
016364,12,2,707.04,0
016365,18,9,1540.42,0
016366,19,1,327.3,0
016367,37,2,804.49,0
016368,2,2,497.43,0
016369,18,3,1553.66,0
016370,82,4,1320.56,1
016372,33,2,367.93,0
016374,66,2,473.03,0
016376,9,2,987.01,0
016377,267,1,676.2,0
016378,247,3,362.95,0
016379,4,4,2157.4,0
016380,61,1,1780.59,0
016383,75,2,668.36,0
016384,90,2,584.5,0
016385,60,3,555.89,0
016386,29,2,317.2,0
016387,323,1,94.36,0
016389,53,4,1382.0700000000002,0
016392,270,1,221.19,0
016393,2,13,3046.21,1
016394,57,5,1555.34,0
016395,60,5,1486.9,1
016398,154,2,1705.8,0
016399,19,2,408.57,0
016400,95,1,303.93,0
016401,1,12,4098.32,1
016402,265,2,299.6,0
016403,312,1,177.5,0
016404,70,1,443.05,0
016405,302,2,167.25,0
016406,19,1,163.07,0
016407,13,10,2126.93,0
016409,36,5,2028.88,0
016411,19,2,214.65,0
016412,54,1,151.83,0
016413,57,1,262.2,0
016414,22,2,126.25,0
016415,44,1,210.35,0
016416,26,3,1051.4,0
016418,45,3,675.27,0
016419,113,6,972.23,0
016422,17,51,34684.4,0
016423,25,1,346.12,0
016424,191,1,133.56,0
016425,302,1,302.7,0
016426,2,10,1908.25,1
016427,263,2,241.06,0
016429,106,1,284.55,0
016430,57,1,300.85,0
016431,213,3,642.81,0
016432,64,1,287.40000000000003,0
016433,28,1,184.26,0
016434,29,7,1522.25,0
016438,6,5,798.35,0
016440,8,5,3640.67,0
016441,67,2,381.2,0
016442,2,3,616.79,0
016444,46,4,654.67,0
016445,34,1,230.51,0
016446,1,2,168472.5,0
016447,136,1,259.01,0
016448,198,1,188.89000000000001,0
016449,198,2,707.69,0
016450,150,1,311.92,0
016451,88,1,266.97,0
016454,45,2,6.9,0
016455,64,7,1841.18,0
016456,99,5,2158.37,1
016457,218,1,208.36,0
016458,3,18,3482.7400000000002,1
016460,28,3,814.72,0
016461,178,1,151.42,0
016462,74,3,136.0,0
016463,21,4,1422.4,0
016464,20,3,1314.68,1
016466,34,7,1603.46,0
016468,74,1,74.9,0
016469,24,4,650.43,0
016470,52,4,762.39,0
016471,275,1,223.95000000000002,0
016473,165,3,316.11,0
016474,7,7,1871.5,1
016475,88,4,544.3,0
016477,64,7,2494.46,1
016478,25,3,331.0,0
016479,10,2,300.83,0
016480,76,1,769.29,0
016482,16,1,220.62,0
016483,192,1,139.35,0
016484,174,2,404.3,0
016485,77,1,363.65,0
016488,33,3,498.8,0
016491,47,1,731.5,0
016493,80,4,1351.63,0
016494,297,1,826.53,0
016495,3,3,684.41,0
016496,9,3,1599.52,0
016497,50,6,2965.69,0
016498,161,2,100.97,0
016499,360,2,365.45,0
016500,5,6,400.86,0
016503,107,4,1431.93,0
016504,25,1,484.38,0
016505,32,1,777.6,0
016506,20,2,90.30000000000001,0
016509,297,1,363.70000000000005,0
016510,372,1,248.1,0
016511,22,3,950.26,0
016513,5,4,874.59,0
016515,52,5,1627.13,0
016516,30,1,101.69999999999999,0
016517,277,1,162.70000000000002,0
016518,61,2,484.32,0
016519,25,2,215.07999999999998,0
016520,186,3,1046.57,1
016523,2,21,9418.470000000001,1
016525,2,26,13027.45,0
016526,172,1,290.36,0
016527,81,1,228.06,0
016528,4,1,244.41,0
016529,190,1,455.25,0
016531,22,7,1244.59,0
016532,18,3,6748.8,0
016533,19,3,1095.56,0
016535,5,1,593.75,0
016536,110,1,548.97,0
016539,3,4,1388.81,0
016542,54,1,119.62,0
016545,165,1,339.3,0
016546,291,2,787.15,0
016549,10,10,4154.64,1
016550,109,5,2298.97,0
016551,96,3,922.12,0
016552,243,2,379.73,0
016553,163,12,5719.82,0
016554,42,3,837.1,0
016555,35,2,285.89,0
016556,67,7,3313.79,0
016557,24,2,281.85,0
016558,1,20,8338.49,1
016560,27,2,841.41,0
016561,6,2,511.12,0
016563,54,1,1077.74,0
016565,364,1,173.7,0
016566,15,5,614.66,0
016567,194,2,865.6,0
016569,3,1,124.2,0
016570,15,10,3738.4,1
016571,27,3,1421.69,0
016572,127,3,1009.6,0
016573,85,2,663.61,0
016574,71,1,451.44,0
016581,183,1,105.84,0
016582,113,1,313.62,0
016583,374,1,233.45,0
016584,80,2,936.08,0
016586,249,1,463.95,0
016587,232,1,225.15,0
016589,71,3,459.24,0
016591,69,1,213.5,0
016592,4,16,4113.68,0
016593,51,3,330.03,0
016594,75,1,181.09,0
016595,61,1,360.16,0
016596,16,2,250.15,0
016597,4,1,90.04,0
016598,286,1,145.05,0
016600,4,6,813.52,0
016601,41,1,244.8,0
016602,36,1,528.08,0
016603,75,2,482.47,0
016607,18,14,3347.71,0
016609,15,7,5493.46,1
016610,219,1,75.66,0
016611,186,1,129.49,0
016612,33,4,1187.66,0
016613,70,1,618.59,0
016614,183,1,506.19,0
016616,15,2,500.42,0
016617,236,1,151.85,0
016618,31,5,2647.59,0
016619,264,1,226.21,0
016620,4,2,178.96,0
016621,52,4,813.48,0
016623,246,1,129.45000000000002,0
016624,81,2,810.57,0
016625,274,1,333.08,0
016626,1,17,4413.1,0
016627,79,1,322.8,0
016628,30,5,2188.05,1
016629,74,2,417.73,0
016633,17,6,2883.1,0
016634,223,2,217.9,0
016637,32,4,1154.47,0
016638,23,10,1680.72,0
016639,31,3,1257.51,0
016641,106,1,231.1,0
016642,5,2,688.33,0
016643,246,1,487.51,0
016644,178,2,833.78,0
016647,170,2,214.06,0
016648,43,1,290.66,0
016650,72,1,518.42,0
016652,59,7,6773.97,0
016653,16,2,1212.66,0
016654,141,4,601.27,0
016655,18,6,3794.52,0
016656,22,15,8625.8,0
016657,10,4,933.62,0
016658,368,1,123.24,0
016659,189,1,39.12,0
016660,16,4,1267.65,0
016665,362,1,135.4,0
016666,19,1,118.98,0
016667,68,2,570.13,0
016668,15,6,306.72,0
016669,24,3,1374.87,0
016670,17,11,4095.9,1
016671,28,3,1692.27,0
016672,2,20,8134.9400000000005,0
016674,55,2,319.61,0
016676,34,4,1592.12,0
016678,3,12,3109.99,0
016679,366,1,129.75,0
016680,43,1,183.7,0
016681,73,6,1770.3400000000001,0
016682,5,5,1028.0,0
016684,4,28,66653.56,0
016685,61,2,324.24,0
016686,47,7,3062.83,1
016688,1,4,1260.8600000000001,0
016689,76,2,422.6,0
016690,72,2,225.58,0
016692,256,2,1276.0,0
016693,69,2,482.01,0
016696,135,4,657.9,0
016697,241,1,112.75,0
016698,227,2,1998.0,0
016700,9,13,5076.55,1
016701,9,13,5398.3,0
016705,1,20,14034.99,0
016706,37,3,531.35,0
016708,46,1,656.63,0
016709,85,5,3029.87,0
016710,19,10,2483.04,0
016711,3,5,1651.03,0
016712,9,11,3645.43,1
016713,19,15,6923.13,0
016714,219,3,1161.53,0
016715,78,1,301.71999999999997,0
016716,267,2,901.2,0
016717,24,6,3858.38,0
016718,369,1,623.75,0
016719,15,7,1790.42,0
016720,26,1,155.24,0
016721,262,1,292.47,0
016722,17,13,4730.81,1
016723,91,2,589.15,0
016725,302,7,781.02,0
016726,26,5,1382.02,0
016727,364,1,272.82,0
016728,46,4,1054.67,0
016729,38,21,7239.92,1
016730,52,3,743.11,0
016732,32,1,603.75,0
016734,52,3,650.51,0
016735,79,5,2300.56,0
016737,53,1,417.6,0
016738,298,1,3.75,0
016739,177,1,323.0,0
016742,47,1,464.9,0
016743,29,7,2238.09,0
016744,11,7,1304.76,0
016745,87,17,7194.3,1
016746,5,18,6697.66,1
016747,38,2,836.0600000000001,0
016748,18,5,1515.9,1
016750,45,5,623.93,0
016751,31,1,1764.72,0
016752,373,1,207.5,0
016753,58,1,223.92000000000002,0
016754,372,1,2002.4,0
016755,114,3,1496.83,1
016756,215,1,239.4,0
016757,319,1,106.83000000000001,0
016758,65,1,369.34000000000003,0
016759,8,3,789.79,0
016761,97,1,316.62,0
016762,20,3,1501.38,0
016763,199,1,611.8499999999999,0
016764,4,13,2799.25,1
016765,294,1,34.0,0
016766,273,2,1145.6,0
016767,31,11,5580.6,1
016768,48,3,478.09000000000003,0
016769,260,1,380.39,0
016770,58,5,770.1,0
016771,33,5,2246.81,0
016773,57,1,171.59,0
016774,68,4,661.52,0
016775,10,11,1695.66,0
016776,60,1,388.28,0
016777,80,2,226.35,0
016778,74,2,245.94,0
016779,2,22,10629.72,1
016780,100,2,425.19,0
016781,372,1,311.25,0
016782,10,13,2279.9,1
016784,20,1,107.6,0
016788,123,2,597.48,1
016789,8,1,80.80000000000001,0
016790,4,6,1545.6200000000001,0
016791,29,7,1721.78,1
016792,282,2,110.38,0
016793,57,1,243.84,0
016794,1,10,1222.71,1
016795,365,1,414.88,0
016796,89,1,305.62,0
016800,11,1,1201.49,0
016801,163,4,1619.73,0
016803,65,1,332.3,0
016804,23,3,536.99,0
016805,174,2,460.59000000000003,0
016806,103,4,801.49,0
016807,143,3,1121.59,1
016808,99,2,288.42,0
016809,23,5,914.69,1
016810,192,1,309.54,0
016811,5,2,547.07,0
016812,361,1,479.35,0
016813,8,10,1692.98,1
016814,14,21,6509.1,0
016816,103,4,417.06,0
016817,3,9,1604.75,0
016818,11,11,3349.57,0
016820,96,1,497.61,0
016823,227,1,358.38,0
016824,16,2,460.64,0
016825,39,2,775.18,0
016826,51,1,341.7,0
016828,93,2,128.5,0
016829,157,1,197.22,0
016830,39,1,325.91,0
016832,184,3,199.15,0
016833,1,4,1106.53,0
016834,228,1,413.46,0
016835,128,2,180.85,0
016836,40,2,251.87,0
016837,31,11,3170.98,0
016838,197,2,588.85,0
016839,9,34,16594.35,1
016841,37,6,1869.82,0
016842,101,3,1264.19,0
016843,43,16,10196.57,0
016846,50,1,214.32,0
016847,43,1,193.44,0
016848,53,1,281.42,0
016849,187,1,124.57,0
016850,334,1,332.41,0
016851,4,3,342.45,0
016852,10,2,144.91,0
016855,24,2,328.40000000000003,0
016856,15,1,35.400000000000006,0
016858,369,1,375.69000000000005,0
016859,145,2,747.81,0
016861,60,2,173.76,0
016863,31,2,502.8,0
016866,141,3,207.74,0
016869,23,4,825.4200000000001,0
016871,22,6,2812.34,0
016872,77,3,680.02,0
016873,5,6,7123.62,0
016875,67,5,2095.53,1
016877,12,6,853.72,0
016878,84,1,13.3,0
016880,31,7,1519.08,0
016881,67,1,432.0,0
016882,67,3,705.12,0
016883,187,2,276.73,0
016884,38,2,429.84,0
016885,15,3,471.51,0
016887,35,1,194.88,0
016889,195,3,1578.67,1
016891,2,5,809.7,0
016892,1,5,525.54,0
016893,367,1,145.93,0
016895,65,1,219.14,0
016897,299,2,289.78,0
016898,26,3,508.81,0
016899,8,6,1281.56,0
016900,17,3,887.11,0
016902,116,1,1706.88,0
016903,29,1,373.24,0
016904,4,16,3754.27,1
016905,5,7,3102.43,0
016906,82,4,579.77,0
016907,29,5,981.65,0
016909,72,1,379.14,0
016910,4,8,1510.06,1
016912,29,11,2575.38,0
016913,290,1,113.44,0
016914,36,1,208.46,0
016915,9,6,621.6800000000001,0
016916,24,2,576.26,0
016917,277,1,391.52,0
016918,49,6,1068.82,1
016919,156,11,2596.45,1
016921,61,1,169.79,0
016923,12,19,7247.61,1
016924,21,3,846.75,0
016926,371,1,230.25,0
016927,116,3,543.05,0
016928,80,17,2847.6,0
016929,4,7,1295.39,1
016930,26,3,380.55,0
016931,5,21,4604.22,1
016932,53,1,161.94,0
016933,1,2,563.23,0
016934,55,2,950.9300000000001,0
016936,26,1,262.68,0
016938,9,4,2736.38,0
016940,52,3,3049.88,1
016942,13,9,1920.59,1
016943,212,3,816.73,0
016945,22,19,4345.5,1
016947,236,1,406.48,0
016948,139,3,435.02,0
016949,4,6,1286.27,0
016950,57,4,1178.56,0
016951,135,3,1277.75,0
016952,109,2,167.61,0
016953,30,1,20.8,0
016954,1,9,2085.08,0
016955,185,4,518.67,0
016956,18,1,308.74,0
016957,239,2,416.64,0
016959,87,1,117.35000000000001,0
016960,39,3,507.05,0
016961,116,1,234.17000000000002,0
016963,187,1,110.55000000000001,0
016965,227,1,201.19,0
016966,8,7,2154.97,0
016967,189,1,319.02,0
016968,4,2,439.43,0
016969,39,3,650.41,0
016971,38,1,357.21,0
016976,267,1,251.51999999999998,0
016978,77,1,344.33,0
016979,4,6,1852.0,0
016980,255,2,1078.96,0
016982,61,1,384.06,0
016983,13,7,1931.25,0
016984,88,2,4481.35,0
016985,17,10,5464.12,0
016986,30,2,1873.2,0
016987,3,7,1625.05,0
016988,5,1,126.12,0
016989,7,6,1133.25,0
016990,219,1,179.0,0
016992,11,5,1614.31,0
016996,30,6,1456.96,0
016997,288,3,702.0,0
016998,150,4,295.0,0
016999,23,2,484.82,0
017001,1,11,3989.57,0
017002,86,3,1493.73,0
017004,46,2,1412.94,0
017006,5,4,781.78,0
017007,51,6,889.9300000000001,0
017010,18,1,195.36,0
017011,30,1,270.9,0
017014,8,3,586.33,0
017015,29,3,1842.56,0
017017,3,20,8694.26,0
017018,41,2,920.1,0
017019,11,4,1272.61,0
017022,31,1,71.0,0
017024,45,3,95.85,0
017025,61,3,357.77,0
017026,185,2,154.83,0
017027,79,6,890.29,0
017029,111,2,716.0,0
017030,64,1,146.87,0
017031,12,2,380.35,1
017033,86,3,1030.14,0
017034,16,3,745.52,0
017035,246,2,433.53000000000003,0
017037,88,1,1267.32,0
017038,30,1,112.4,0
017040,138,1,449.73,0
017041,27,3,1081.57,0
017042,3,5,1044.38,0
017043,32,4,1735.18,0
017044,25,1,948.48,0
017045,113,3,339.44,0
017046,157,1,642.02,0
017047,85,3,1100.9,0
017048,118,3,925.35,0
017049,3,9,5659.9800000000005,1
017050,96,6,3228.84,0
017051,194,1,247.14,0
017052,28,1,413.75,0
017053,131,1,498.48,0
017054,28,5,1356.33,0
017058,82,3,1179.89,0
017059,30,5,3095.04,1
017060,266,1,234.24,0
017061,74,11,5232.2300000000005,0
017062,314,4,538.37,0
017063,21,7,1461.14,1
017064,59,3,859.35,0
017068,12,21,4552.14,1
017069,28,9,2709.7000000000003,1
017070,114,1,312.14,0
017071,28,9,2429.03,1
017073,18,4,1446.09,0
017075,18,4,834.12,0
017076,36,3,841.0799999999999,0
017078,36,2,378.2,0
017079,78,1,118.80000000000001,0
017080,22,2,287.62,0
017081,25,2,290.16,0
017082,33,2,2003.8500000000001,0
017083,109,3,1405.78,0
017084,35,2,2949.75,0
017085,123,5,1566.65,0
017086,7,6,2050.08,0
017088,28,4,1991.01,1
017090,4,7,2043.95,0
017091,3,9,3827.76,1
017092,50,4,1777.78,0
017094,322,1,302.0,0
017095,23,3,1324.16,0
017096,15,4,1022.13,0
017100,18,2,971.74,0
017101,10,4,1621.73,0
017102,262,1,25.5,0
017105,159,2,665.78,0
017107,33,6,10815.43,1
017109,29,6,885.04,0
017110,165,1,163.29999999999998,0
017111,47,1,248.61,0
017114,6,8,808.62,0
017115,8,3,837.5,0
017117,288,1,116.2,0
017118,318,1,157.02,0
017119,3,2,606.91,0
017120,233,1,307.46,0
017122,119,1,138.32,0
017123,162,1,345.3,0
017124,185,1,298.89,0
017125,50,1,259.35,0
017126,152,5,1004.75,0
017128,335,1,157.09,0
017131,5,5,2463.17,0
017133,16,7,4892.240000000001,0
017134,107,2,425.0,0
017135,16,7,1139.73,0
017138,276,1,380.5,0
017139,16,12,10668.47,1
017140,247,1,465.32,0
017142,239,1,579.0,0
017144,1,2,984.57,0
017146,106,3,749.78,0
017147,23,4,1714.59,0
017148,52,1,124.88,0
017152,195,3,1689.5,0
017153,24,1,213.78,0
017154,75,1,329.34,0
017155,18,2,251.7,0
017157,8,2,319.0,0
017158,32,3,1266.97,0
017159,22,3,1538.88,1
017160,31,6,3518.03,1
017162,29,10,1715.46,0
017163,22,2,293.1,0
017164,33,7,2467.35,0
017165,284,1,158.68,0
017166,39,2,206.34,0
017169,58,2,835.78,0
017171,289,1,224.91,0
017172,79,1,317.76,0
017173,5,8,3766.6,0
017174,218,1,59.9,0
017175,44,4,1443.69,0
017176,202,1,306.13,0
017179,178,3,711.79,0
017180,56,4,796.03,0
017181,57,2,239.92000000000002,0
017183,8,6,3347.31,0
017186,47,2,144.0,0
017187,227,1,203.95,0
017188,11,7,2474.23,0
017189,106,2,384.4,0
017190,59,2,444.74,0
017191,28,7,2095.13,0
017193,36,7,1699.3,0
017194,274,2,262.62,0
017197,30,1,1013.01,0
017198,24,3,692.22,0
017201,54,1,342.63,0
017203,36,6,3563.85,0
017204,175,4,1564.56,0
017205,54,1,384.08,0
017206,53,1,204.24,0
017211,27,8,2317.2200000000003,0
017212,253,1,226.85,0
017213,40,7,2781.23,0
017214,60,6,1069.1200000000001,0
017217,234,1,113.5,0
017218,4,10,1960.72,0
017219,32,1,114.23,0
017220,24,14,3198.25,0
017221,7,2,335.13,0
017222,65,1,354.15,0
017223,310,2,426.79,0
017226,309,1,393.49,0
017227,19,6,939.32,0
017228,16,8,1906.09,1
017229,96,2,318.76,1
017230,264,8,3638.41,0
017231,12,10,3174.32,0
017232,3,2,421.52,0
017233,35,1,190.88,0
017234,183,1,149.89,0
017235,25,2,550.0600000000001,0
017236,13,6,916.13,0
017237,11,2,314.69,0
017238,3,17,3744.65,1
017239,313,1,382.5,0
017242,108,2,1135.04,0
017243,1,26,8676.85,0
017244,53,1,954.9,0
017245,205,1,171.45000000000002,0
017247,15,1,282.19,0
017248,120,1,318.65,1
017250,4,2,384.52,0
017251,363,1,283.28000000000003,0
017252,117,2,353.86,0
017253,18,1,178.26,0
017254,5,2,272.44,0
017255,41,2,298.41,0
017256,107,2,240.0,0
017259,148,2,603.37,0
017262,52,5,1253.3600000000001,0
017263,208,1,63.440000000000005,0
017265,139,2,562.9,0
017266,2,3,310.64,0
017267,127,2,317.62,0
017268,108,4,763.64,0
017272,42,4,2148.63,0
017274,35,1,111.98,0
017277,228,2,1065.3500000000001,0
017278,241,1,246.04000000000002,0
017279,58,1,187.82999999999998,0
017282,130,3,1703.41,0
017284,60,6,1652.58,0
017286,22,1,153.92,0
017287,26,7,1064.11,0
017288,9,7,1419.73,0
017289,32,3,944.41,0
017290,4,2,525.24,0
017291,308,1,550.8000000000001,0
017293,8,9,1875.11,0
017295,29,3,556.95,0
017297,17,1,131.78,0
017298,101,2,498.42,0
017299,12,4,669.11,0
017301,21,1,197.63,0
017302,15,5,1135.63,0
017303,361,1,250.04,0
017306,11,19,8631.31,0
017309,95,1,82.75,0
017311,78,2,1384.85,0
017312,139,3,644.3,0
017313,31,1,2328.84,0
017314,25,8,2527.92,0
017315,2,38,6292.26,1
017317,46,3,2600.34,0
017320,100,3,1200.6200000000001,0
017321,8,2,700.86,0
017323,15,7,921.0699999999999,1
017324,18,4,990.23,0
017325,280,1,96.8,0
017329,14,2,523.11,0
017330,23,2,363.9,0
017331,124,1,175.2,0
017333,86,1,494.25,0
017334,302,2,307.02000000000004,0
017337,151,4,2027.8700000000001,0
017338,17,8,6643.93,0
017339,94,2,243.36,0
017340,30,11,12353.29,0
017341,157,3,781.36,0
017343,355,1,193.64,0
017344,46,1,160.57,0
017345,15,4,537.74,0
017346,4,15,2676.56,1
017347,86,1,228.96,0
017348,15,5,1159.52,0
017349,179,1,110.75,0
017350,8,4,1286.07,0
017351,36,3,587.15,0
017353,129,2,1740.0,0
017354,51,1,1393.06,0
017356,312,1,178.22,0
017357,24,2,388.14,0
017358,303,2,365.85,0
017359,11,1,127.86,0
017360,17,3,585.79,0
017361,49,3,488.2,0
017362,239,2,312.23,0
017364,1,11,4481.18,0
017365,13,8,4801.56,0
017367,238,1,168.4,0
017368,23,8,1912.67,0
017370,73,4,446.18,0
017371,17,3,423.89,0
017372,41,8,1342.68,0
017373,40,4,646.92,0
017374,219,2,495.77,0
017375,199,3,400.1,0
017376,71,2,203.2,0
017377,24,20,4100.92,0
017379,11,1,404.66,1
017381,9,29,20275.61,0
017382,65,1,65.4,0
017383,4,1,199.29,0
017384,19,2,336.4,0
017385,15,1,261.11,0
017386,8,6,2686.42,0
017387,20,2,784.11,0
017388,78,4,1259.56,0
017389,1,34,31833.68,0
017391,164,2,508.8,0
017392,307,2,457.91,0
017394,219,1,203.86999999999998,0
017396,39,8,7330.8,0
017397,22,2,696.41,0
017398,115,3,653.38,0
017400,126,5,2129.96,0
017402,5,13,2633.85,0
017403,36,1,281.62,0
017405,1,3,1031.41,0
017406,333,3,2200.42,0
017408,163,1,32.65,0
017409,185,2,771.85,0
017410,16,5,1214.72,0
017411,12,3,778.94,0
017412,3,7,1258.06,0
017414,44,2,778.0,0
017415,79,1,507.84,0
017416,30,7,6893.42,1
017418,42,2,463.46000000000004,0
017419,11,12,4226.57,0
017420,50,3,598.83,0
017422,16,6,1979.37,0
017423,46,2,698.41,0
017425,19,2,759.1700000000001,0
017426,8,6,5037.26,0
017427,72,1,100.8,0
017428,1,28,17256.85,1
017429,128,3,524.9200000000001,0
017430,33,2,265.76,0
017431,313,1,403.3,0
017432,18,2,365.76,0
017433,88,1,303.16,0
017434,2,7,2373.82,0
017436,2,2,216.3,0
017438,254,1,388.45000000000005,0
017440,157,3,186.42000000000002,0
017442,37,6,2248.56,0
017446,177,2,120.89999999999999,0
017447,40,2,541.53,0
017449,2,7,2520.86,0
017450,8,46,194550.79,0
017451,1,7,1721.4,0
017453,18,2,486.72,0
017454,192,4,517.53,1
017455,204,1,131.7,0
017456,365,1,249.86,0
017457,127,5,1737.7,0
017458,15,1,316.5,0
017459,43,2,657.3,1
017460,94,6,622.4300000000001,0
017461,23,3,757.46,0
017462,60,2,675.69,0
017463,16,5,1896.41,1
017464,158,1,289.96000000000004,0
017466,10,2,763.28,0
017468,10,2,137.0,0
017469,16,5,1870.97,1
017470,45,5,1125.07,0
017472,191,3,710.29,0
017475,79,1,194.37,0
017480,78,1,511.82,0
017481,4,4,1255.59,0
017483,65,3,414.04,0
017486,261,1,396.87,0
017489,59,2,376.64,0
017490,1,7,2092.32,0
017491,1,10,3558.87,0
017492,248,1,374.57,0
017495,8,2,497.56,0
017496,359,1,271.05,0
017498,76,1,272.21999999999997,0
017499,290,1,622.88,0
017500,17,3,1138.0,0
017501,221,2,288.6,0
017502,9,4,689.1,0
017503,3,2,558.96,0
017504,206,9,2997.03,0
017505,161,2,1145.8400000000001,0
017506,76,1,302.2,0
017507,262,2,605.58,0
017509,58,8,6115.14,0
017510,25,1,308.48,0
017511,3,31,91062.38,1
017512,29,10,2924.9900000000002,0
017513,72,1,513.2,0
017514,128,1,208.65,0
017515,31,4,639.02,0
017516,15,5,768.08,0
017517,309,1,153.94,0
017519,17,6,1844.02,0
017520,54,1,546.81,0
017521,30,3,723.21,0
017522,2,5,1070.71,0
017523,11,4,652.74,0
017524,361,1,145.0,0
017525,360,1,422.7,0
017526,5,4,1195.8999999999999,0
017527,54,4,939.37,0
017528,1,8,3628.5,0
017530,1,10,2385.0,0
017531,190,1,296.7,0
017534,54,1,223.36,0
017535,280,1,164.4,0
017536,177,1,76.5,0
017537,30,2,897.62,0
017538,26,1,98.42,0
017540,25,2,578.9,0
017542,270,1,170.75,0
017545,43,3,645.96,0
017548,234,1,103.3,0
017549,24,2,148.86,0
017550,197,3,267.16,0
017551,359,1,306.84,0
017552,60,4,930.41,0
017553,130,1,1487.6,0
017554,1,5,1952.45,0
017555,20,2,483.26,0
017556,206,1,157.9,0
017557,14,3,541.46,0
017560,95,4,854.95,0
017561,19,1,167.62,0
017562,14,7,1122.38,0
017564,24,3,454.01,0
017566,8,2,901.21,0
017567,7,8,4331.48,0
017569,332,1,344.14,0
017571,50,4,1498.51,0
017572,71,4,226.75000000000003,0
017573,29,3,380.6,0
017574,243,1,185.65,0
017576,8,19,3622.68,0
017578,218,1,143.45999999999998,0
017579,5,3,448.90000000000003,0
017580,253,3,215.72,0
017581,1,25,11045.04,1
017582,236,1,175.27,0
017584,7,2,1242.3,0
017585,109,4,1133.07,0
017588,100,3,1240.2,0
017589,60,4,2404.17,0
017590,2,3,1479.22,0
017591,73,7,2225.9700000000003,0
017593,4,5,3927.34,0
017594,85,2,993.1800000000001,1
017595,12,2,388.79,0
017596,23,7,2827.93,0
017597,214,1,2044.3700000000001,0
017600,18,1,161.67000000000002,0
017601,239,1,116.00999999999999,0
017602,2,6,5102.97,0
017603,78,1,394.72,0
017604,217,2,309.36,0
017608,33,2,193.42,0
017609,41,5,1112.22,1
017611,7,15,3984.22,1
017612,53,6,2048.45,1
017613,23,14,4559.150000000001,1
017614,57,1,390.07,0
017615,130,3,329.6,0
017616,174,3,571.1999999999999,0
017618,6,3,971.58,0
017619,312,1,218.52,0
017620,60,1,81.44,0
017621,21,3,1379.9,0
017623,33,1,527.05,0
017624,15,2,843.48,0
017625,18,4,2047.0,0
017628,81,1,75.75,0
017629,6,8,1814.1200000000001,0
017630,170,2,503.6,0
017631,2,3,528.33,0
017633,31,4,1324.84,0
017634,36,9,2361.9700000000003,0
017636,19,1,285.56,0
017637,31,2,547.0600000000001,0
017639,276,1,108.5,0
017640,87,1,621.66,0
017642,120,2,712.29,0
017643,373,1,101.55,0
017644,1,11,2895.64,1
017646,219,3,1008.39,0
017647,65,1,133.06,0
017648,61,4,1797.5,0
017649,138,1,868.49,1
017650,21,1,166.07999999999998,0
017651,12,10,3945.0,1
017652,25,12,4867.72,0
017653,37,4,1207.56,0
017654,277,1,117.55,0
017655,11,7,2638.94,0
017656,73,5,1674.69,0
017658,26,2,595.42,0
017659,17,12,2999.46,0
017660,141,1,196.0,0
017663,26,7,1802.91,0
017664,19,2,604.64,0
017666,4,2,728.16,0
017667,66,5,2055.51,0
017668,1,2,347.75,0
017669,43,7,3406.7200000000003,1
017670,228,1,205.7,0
017671,16,4,1572.71,0
017672,50,2,3178.17,0
017673,1,6,1629.12,0
017674,74,2,551.04,0
017675,1,31,20374.28,1
017676,4,6,1387.68,1
017677,2,30,16363.23,1
017678,264,1,298.11,0
017679,53,2,1992.1100000000001,0
017680,24,1,184.4,0
017682,10,6,2474.33,0
017684,44,1,239.41,0
017685,17,7,3191.53,0
017686,7,7,5739.46,1
017690,30,15,4757.95,0
017691,358,2,290.40000000000003,0
017692,127,4,740.94,0
017693,137,1,200.47,0
017694,142,1,283.12,0
017695,132,2,765.34,0
017696,38,8,2285.71,0
017697,236,1,338.95,0
017698,261,1,154.95,0
017700,17,4,2534.64,0
017701,253,1,417.95,0
017702,30,4,1824.37,1
017703,35,3,798.74,0
017704,169,2,885.19,0
017705,3,9,1823.52,1
017706,4,17,10504.49,0
017707,185,2,152.4,0
017708,188,2,267.08,0
017709,170,1,137.45,0
017711,11,2,385.1,0
017712,45,1,522.91,0
017714,321,1,153.0,0
017715,201,1,326.4,0
017716,23,11,5655.99,1
017718,232,1,139.35,0
017719,38,15,5396.04,0
017720,26,4,1195.94,0
017722,96,4,2424.04,0
017723,127,6,3276.4000000000005,0
017724,71,3,1033.0,0
017725,16,11,3439.08,0
017727,15,1,1060.25,0
017728,4,3,2876.01,0
017730,3,13,5298.4800000000005,0
017731,79,4,1240.11,0
017732,373,1,303.97,0
017733,39,2,692.19,0
017734,54,3,700.63,0
017735,2,19,13110.02,1
017736,9,3,377.44,0
017737,9,2,168.24,0
017738,19,4,1879.05,0
017739,12,7,2791.35,0
017742,113,2,355.11,0
017744,4,6,2322.4,0
017746,240,1,110.25,0
017747,113,1,71.4,0
017749,178,2,674.52,0
017750,5,9,1797.57,0
017752,359,1,80.64,0
017754,1,5,1772.26,0
017757,1,30,5605.29,0
017758,19,8,3456.7,1
017759,17,3,834.99,0
017760,22,2,287.59,0
017761,33,1,712.78,0
017763,263,1,15.0,0
017764,51,2,818.82,0
017765,159,3,371.88,0
017767,15,1,271.2,0
017768,8,3,2273.1800000000003,0
017769,13,10,3997.98,1
017770,199,5,1143.27,0
017771,57,2,245.81,0
017772,11,2,182.77,0
017774,97,4,1225.41,0
017775,255,1,56.4,0
017777,25,3,665.86,0
017779,21,3,658.57,1
017781,159,2,188.02,0
017783,72,2,283.47,0
017785,53,1,131.94,0
017786,85,2,278.74,0
017787,153,4,1865.19,0
017788,74,2,1117.9,0
017789,281,1,225.9,0
017790,27,14,1965.55,0
017791,30,1,106.1,0
017793,25,1,323.04,0
017795,180,2,350.39,0
017796,40,4,697.9,0
017797,22,3,780.43,0
017799,22,10,3055.93,1
017800,37,9,1199.01,0
017802,82,3,1285.04,1
017805,74,1,512.31,0
017806,11,1,546.04,0
017809,16,12,5411.91,0
017811,4,39,7837.7300000000005,1
017812,13,4,732.16,0
017813,14,5,1770.88,0
017816,37,4,36.56,0
017817,4,3,387.68,0
017819,72,7,3704.87,0
017824,51,1,298.4,0
017827,5,5,1995.46,0
017830,2,3,398.7,0
017831,33,1,35.400000000000006,0
017832,50,1,155.37,0
017835,3,3,350.64,0
017836,47,1,110.21000000000001,0
017837,42,8,1593.38,0
017838,27,5,2779.3,0
017839,42,1,338.8,0
017841,2,124,40991.57,1
017843,303,1,205.48,0
017846,85,1,2033.1,0
017848,81,9,901.2,0
017849,218,4,605.8000000000001,0
017850,372,34,5391.21,0
017852,12,2,114.34,0
017854,185,2,311.26,0
017855,373,1,208.97,0
017856,2,4,1418.03,0
017857,4,23,26879.04,0
017858,6,12,5155.66,0
017859,305,1,148.21,0
017860,369,1,252.8,0
017861,3,8,2100.8,0
017862,324,1,330.9,0
017863,59,6,3160.0,0
017864,13,3,597.5,0
017865,31,20,10526.32,0
017866,143,1,329.65000000000003,0
017867,30,6,1197.1000000000001,0
017869,107,5,428.18,0
017870,2,12,1894.35,0
017871,205,1,155.9,0
017873,80,5,1859.16,0
017874,185,6,683.46,0
017877,170,1,237.61,0
017878,44,1,379.45,0
017879,174,1,178.52,0
017880,365,1,458.92,0
017881,304,1,133.35,0
017883,3,4,671.77,0
017884,4,4,717.45,0
017885,12,1,190.19,0
017886,32,3,899.61,0
017887,129,1,111.35,0
017888,21,8,726.05,0
017889,212,2,203.87,0
017890,323,2,602.09,0
017891,162,1,203.85999999999999,0
017892,56,3,244.1,0
017893,225,1,112.25,0
017894,72,8,1119.81,0
017895,44,1,98.0,0
017896,23,1,256.32,0
017897,173,3,566.6,0
017898,85,2,152.06,0
017899,159,1,155.8,0
017900,190,2,112.19999999999999,0
017901,29,1,110.38,0
017904,21,1,191.67000000000002,0
017905,71,4,800.24,0
017906,247,1,72.9,0
017908,374,1,243.28,0
017911,9,1,366.23,0
017912,310,5,311.01,0
017913,59,2,411.6,0
017914,4,1,336.43,0
017917,45,3,341.28,0
017919,88,1,1304.04,0
017920,4,17,4204.1,1
017921,64,4,826.52,0
017923,282,1,207.50000000000003,0
017924,12,7,2962.5,0
017925,373,1,244.08,0
017926,133,2,397.29,0
017928,45,2,212.54,0
017929,11,4,843.0,0
017930,36,5,1740.48,0
017931,134,2,408.36,0
017932,29,3,1331.57,0
017934,52,2,704.25,0
017935,138,2,145.79,0
017936,5,1,389.84,0
017937,9,7,4301.22,0
017939,160,1,99.14,0
017940,49,10,4106.4400000000005,0
017941,131,1,304.56,0
017942,8,1,77.50000000000001,0
017946,233,2,149.57999999999998,0
017947,37,1,176.68,0
017948,147,1,358.56000000000006,0
017949,1,45,58510.48,0
017950,72,3,482.2,0
017951,40,3,1008.5400000000001,0
017954,5,12,2332.72,1
017955,199,4,557.3,0
017956,249,1,12.75,0
017957,66,1,111.68,0
017958,117,1,508.46000000000004,0
017960,171,1,73.78,0
017961,21,39,1296.44,0
017962,142,1,102.83,0
017964,32,2,471.7,0
017965,38,14,2622.57,0
017966,38,5,1098.43,0
017967,372,1,123.07,0
017968,374,1,277.35,0
017969,166,2,228.2,0
017970,211,1,582.59,0
017972,242,1,136.04,0
017973,52,1,337.04,0
017974,25,3,740.79,0
017975,15,13,4488.81,0
017976,372,1,353.19,0
017977,29,1,288.14,0
017978,365,1,300.91999999999996,0
017979,36,4,757.71,0
017980,166,3,811.45,0
017984,145,1,152.68,0
017985,22,1,634.95,0
017986,56,1,20.8,0
017987,185,1,198.57,0
017988,12,7,201.12,0
017990,237,3,630.84,0
017991,225,2,93.35,0
017994,122,4,678.49,0
017995,282,1,76.1,0
017997,74,8,1970.67,0
017999,37,2,382.06,0
018001,12,2,417.23,0
018004,362,1,169.47,0
018005,4,2,249.72,0
018006,23,1,444.68,0
018008,70,9,2116.19,0
018009,235,1,257.34,0
018010,257,1,174.8,0
018011,373,1,102.78999999999999,0
018013,155,2,187.29,0
018014,28,1,166.42,0
018015,4,1,120.03,0
018016,32,5,1483.56,0
018017,81,3,523.0,0
018018,108,2,122.14,0
018019,52,1,38.45,0
018022,36,1,668.11,0
018024,153,2,389.78,0
018027,99,1,115.31,0
018030,4,2,230.64999999999998,0
018032,334,1,73.5,0
018033,65,1,97.97,0
018034,22,2,422.88,0
018035,36,3,730.4,0
018036,32,3,405.62,0
018037,154,6,70.02,0
018040,19,2,357.20000000000005,0
018041,12,21,4183.39,1
018042,54,1,165.04999999999998,0
018043,25,3,559.51,0
018044,4,10,2088.6,0
018045,45,1,189.4,0
018048,203,2,172.29000000000002,0
018050,359,1,74.4,0
018053,71,1,300.02,0
018055,7,10,6784.1900000000005,0
018056,288,1,363.65,0
018058,10,1,170.16,0
018059,23,3,306.46,0
018061,22,10,2119.41,0
018062,173,3,720.52,0
018064,133,2,814.0,0
018065,6,14,2392.83,0
018066,75,1,318.0,0
018067,40,1,396.33,0
018068,289,1,101.7,0
018069,26,5,2036.67,1
018071,258,2,453.0,0
018072,186,1,247.44,0
018073,114,12,3877.5200000000004,0
018074,374,1,489.6,0
018075,23,10,2611.75,0
018077,8,11,2633.01,0
018078,217,2,336.13,0
018079,45,4,3651.97,0
018080,19,2,1231.5,0
018081,36,3,343.45,0
018082,26,1,703.37,0
018084,16,1,90.48,0
018085,330,2,689.95,0
018086,274,1,101.34,0
018087,98,2,4055.7200000000003,0
018088,61,1,167.67000000000002,0
018092,2,11,9068.26,0
018093,93,4,2106.52,0
018094,82,7,3017.3,0
018095,312,2,580.05,0
018096,12,3,911.15,0
018097,8,6,2697.8,0
018099,127,1,168.31,0
018101,11,2,223.65,0
018102,1,60,259657.3,0
018104,37,1,754.64,0
018105,38,1,113.48000000000002,0
018106,330,1,430.7,0
018108,254,1,271.0,0
018109,2,26,8052.97,0
018110,20,1,236.3,0
018112,12,2,352.69,0
018113,369,1,76.32000000000001,0
018114,290,1,220.1,0
018116,68,8,1418.03,0
018117,26,1,320.71999999999997,0
018118,11,26,5653.82,1
018119,368,1,181.12,0
018120,214,1,111.15,0
018121,149,2,673.1,0
018122,8,6,1826.21,0
018123,24,2,589.4399999999999,0
018125,30,4,1142.99,1
018126,61,1,206.83,0
018127,19,3,348.73,0
018129,243,1,112.55000000000001,0
018130,15,3,1059.39,0
018133,212,1,931.5,0
018135,29,5,681.91,0
018136,63,3,784.33,0
018138,295,1,152.65,0
018139,18,6,8438.34,0
018142,157,2,1019.52,0
018143,117,2,1000.16,0
018144,8,12,2888.75,0
018145,13,4,2861.55,1
018146,141,2,160.35,0
018147,46,2,179.34,0
018149,51,3,612.0799999999999,0
018150,32,3,566.58,0
018151,135,2,653.35,0
018154,3,2,399.19,0
018155,75,3,371.62,0
018156,13,2,734.94,0
018158,9,2,453.4,1
018159,301,1,530.15,0
018160,57,2,638.0600000000001,0
018161,15,5,1618.69,0
018164,37,1,399.65,0
018165,177,1,302.46,0
018167,23,3,1384.8600000000001,0
018168,176,6,1169.94,0
018169,61,1,202.65,0
018170,33,3,980.3100000000001,0
018171,59,5,1231.31,0
018172,15,20,7561.68,0
018173,87,4,2106.84,0
018174,7,1,104.0,0
018176,358,1,476.35,0
018177,31,6,1341.42,1
018178,129,4,1590.81,1
018179,9,6,1793.17,0
018180,5,6,1843.75,0
018181,24,1,382.8,0
018183,227,2,632.07,0
018184,15,1,49.8,0
018185,249,1,304.25,0
018188,15,3,2001.04,0
018189,78,2,1090.24,0
018190,192,2,284.46000000000004,0
018191,262,1,207.8,0
018192,72,1,957.97,0
018193,165,1,243.76,0
018194,82,1,973.84,0
018196,95,2,689.13,0
018198,4,17,5425.56,0
018200,106,1,163.8,0
018202,200,3,1396.99,0
018203,157,1,160.42000000000002,0
018204,71,3,1993.7,0
018205,36,2,517.36,0
018209,29,1,139.10000000000002,0
018210,2,6,2621.38,0
018211,26,5,600.07,0
018212,326,1,248.42,0
018213,237,1,232.48000000000002,0
018215,89,1,299.34000000000003,0
018216,31,1,481.75,0
018217,29,2,621.75,0
018218,211,2,662.08,0
018219,3,10,2069.77,0
018220,227,1,305.28,0
018221,22,5,1041.61,0
018222,93,1,443.0,0
018223,5,14,6484.54,0
018224,264,1,158.95000000000002,0
018225,3,12,5509.12,1
018226,44,11,5228.05,1
018227,218,1,93.75,0
018228,57,2,779.9,0
018229,12,20,7276.9,0
018230,9,7,2810.2000000000003,0
018231,192,5,2083.27,0
018232,82,4,592.97,0
018233,326,1,440.0,0
018235,72,3,1796.48,0
018236,30,6,882.24,0
018237,3,5,987.1,0
018239,219,5,1561.6100000000001,0
018240,46,1,422.58,0
018241,10,17,2073.09,0
018242,72,4,2232.4900000000002,0
018245,7,7,2567.06,0
018246,24,2,596.1,0
018248,123,2,804.02,0
018249,17,1,95.34,0
018250,310,1,349.27,0
018251,87,1,4314.72,0
018252,51,2,526.67,0
018255,89,1,103.30000000000001,0
018257,39,8,2337.63,1
018259,25,3,2338.6,0
018260,173,6,2643.2000000000003,0
018261,43,2,324.24,0
018262,140,1,149.48,0
018263,26,3,1213.16,0
018265,72,2,801.51,0
018268,134,1,25.5,0
018269,366,1,168.60000000000002,0
018270,38,2,283.15000000000003,0
018272,3,6,3078.58,0
018273,2,3,204.0,0
018274,30,1,175.92,0
018276,44,1,335.86,0
018277,58,1,110.38,0
018278,74,1,173.9,0
018280,278,1,180.60000000000002,0
018281,181,1,80.82,0
018282,8,2,178.05,0
018283,4,16,2094.88,1
018287,43,3,1837.28,0
